Name,Season,Age,Born,Playing Time MP,Playing Time Starts,Playing Time Min,Playing Time 90s,Performance Gls,Performance Ast,Performance G+A,Performance G-PK,Performance PK,Performance PKatt,Performance CrdY,Performance CrdR,Expected XG,Expected NpxG,Expected XAG,Expected NpxG+xAG,Progression PrgC,Progression PrgP,Progression PrgR,Per 90 Minutes Gls,Per 90 Minutes Ast,Per 90 Minutes G+A,Per 90 Minutes G-PK,Per 90 Minutes G+A-PK,Per 90 Minutes XG,Per 90 Minutes XAG,Per 90 Minutes XG+xAG,Per 90 Minutes NpxG,Per 90 Minutes NpxG+xAG,90s,Standard Gls,Standard Sh,Standard SoT,Standard SoT%,Standard Sh/90,Standard SoT/90,Standard G/Sh,Standard G/SoT,Standard FK,Standard PK,Standard PKatt,Expected NpxG/Sh,Expected G-xG,Expected Np:G-xG,Total Cmp,Total Att,Total Cmp%,Total TotDist,Total PrgDist,Short Cmp,Short Att,Short Cmp%,Medium Cmp,Medium Att,Medium Cmp%,Long Cmp,Long Att,Long Cmp%,Ast,XAG,Expected XA,Expected A-xAG,KP,1/3,PPA,CrsPA,PrgP,Att,Pass Types Live,Pass Types Dead,Pass Types FK,Pass Types TB,Pass Types Sw,Pass Types Crs,Pass Types TI,Pass Types CK,Corner Kicks In,Corner Kicks Out,Corner Kicks Str,Outcomes Cmp,Outcomes Off,Outcomes Blocks,SCA SCA,SCA SCA90,SCA Types PassLive,SCA Types PassDead,SCA Types TO,SCA Types Sh,SCA Types Fld,SCA Types Def,GCA GCA,GCA GCA90,GCA Types PassLive,GCA Types PassDead,GCA Types TO,GCA Types Sh,GCA Types Fld,GCA Types Def,Tackles Tkl,Tackles TklW,Tackles Def 3rd,Tackles Mid 3rd,Tackles Att 3rd,Challenges Tkl,Challenges Att,Challenges Tkl%,Challenges Lost,Blocks Blocks,Blocks Sh,Blocks Pass,Int,Tkl+Int,Clr,Err,Touches Touches,Touches Def Pen,Touches Def 3rd,Touches Mid 3rd,Touches Att 3rd,Touches Att Pen,Touches Live,Take-Ons Att,Take-Ons Succ,Take-Ons Succ%,Take-Ons Tkld,Take-Ons Tkld%,Carries Carries,Carries TotDist,Carries PrgDist,Carries PrgC,Carries 1/3,Carries CPA,Carries Mis,Carries Dis,Receiving Rec,Receiving PrgR,Playing Time Mn/MP,Starts Starts,Starts Compl,Subs Subs,Subs UnSub,Team Success OnG,Team Success OnGA,Team Success +/-,Team Success +/-90,Team Success (xG) OnxG,Team Success (xG) OnxGA,Team Success (xG) XG+/-,Team Success (xG) XG+/-90,Performance 2CrdY,Performance Fls,Performance Fld,Performance Off,Performance Crs,Performance Int,Performance TklW,Performance PKwon,Performance PKcon,Performance OG,Performance Recov,Aerial Duels Won,Aerial Duels Lost,Aerial Duels Won%,Voting Points,Winner,League Winner,UCL Winner,Cup Winner,Major International Continental Trophy Winner,World Cup Winner,Vote Share Overall,Vote Share Outfield
Antonio Rudiger,2021-2022,28,1993,39,39,3545,39.400000000000006,3,0,3,3,0,0,9,0,2.3,2.3,0.7,3.0,54,188,21,0.07614213197969542,0.0,0.07614213197969542,0.07614213197969542,0.07614213197969542,0.058375634517766485,0.017766497461928932,0.07614213197969542,0.058375634517766485,0.07614213197969542,39.400000000000006,3,53,13,24.528301886792452,1.345177664974619,0.32994923857868014,0.05660377358490566,0.23076923076923078,0,0,0,0.04339622641509434,0.7,0.7,2217,2534,87.49013417521705,41765,13323,865,926,93.41252699784017,1079,1167,92.45929734361611,247,369,66.93766937669376,0,0.7,1.5,-0.7,12,219,24,3,188,2534,2462,63,50,7,34,19,13,0,0,0,0,2217,9,18,45,1.1421319796954312,38,0,0,4,2,1,9,0.22842639593908626,6,0,0,1,2,0,48,32,29,15,4,36,48,75.0,12,20,11,9,34,76,91,1,2820,211,1014,1521,298,48,2820,12,6,50.0,6,50.0,1782,8886,5212,54,72,3,20,8,2185,21,90.8974358974359,39,38,0,1,77,30,47,1.1928934010152283,57.1,28.1,29.0,0.7360406091370557,0,39,14,0,19,34,32,2,0,0,183,56,20,73.68421052631578,0,0,0.0,0.0,0.0,0.0,0.0,0.0,0.0
Bernardo Silva,2021-2022,26,1994,38,35,3050,33.8,10,4,14,10,0,0,6,0,6.7,6.7,6.5,13.2,146,170,277,0.2958579881656805,0.1183431952662722,0.4142011834319527,0.2958579881656805,0.4142011834319527,0.19822485207100593,0.19230769230769232,0.3905325443786982,0.19822485207100593,0.3905325443786982,33.8,10,52,21,40.38461538461539,1.5384615384615385,0.6213017751479291,0.19230769230769232,0.47619047619047616,0,0,0,0.12884615384615386,1.3,1.3,1728,1977,87.4051593323217,24552,4453,1027,1113,92.27313566936208,543,614,88.43648208469055,73,109,66.97247706422019,4,6.5,4.0,-2.5,59,106,42,6,170,1977,1887,87,26,6,5,61,28,16,1,0,0,1728,3,32,137,4.053254437869823,110,2,10,9,6,0,17,0.5029585798816568,13,1,0,2,1,0,57,30,19,19,19,31,67,46.26865671641791,36,24,2,22,23,77,19,0,2283,36,290,1009,1002,179,2283,92,53,57.608695652173914,39,42.391304347826086,1552,9305,5010,146,102,34,54,25,1766,277,80.26315789473684,35,29,3,5,81,27,54,1.5976331360946747,69.1,21.4,47.7,1.411242603550296,0,32,36,11,61,23,30,1,0,0,156,7,15,31.818181818181817,0,0,1.0,0.0,0.0,0.0,0.0,0.0,0.0
Casemiro,2021-2022,29,1992,35,33,2798,31.0,1,3,4,1,0,0,12,0,2.5,2.5,2.8,5.3,23,162,30,0.03225806451612903,0.0967741935483871,0.12903225806451613,0.03225806451612903,0.12903225806451613,0.08064516129032258,0.09032258064516129,0.17096774193548386,0.08064516129032258,0.17096774193548386,31.0,1,44,11,25.0,1.4193548387096775,0.3548387096774194,0.022727272727272728,0.09090909090909091,1,0,0,0.056818181818181816,-1.5,-1.5,1695,1989,85.21870286576168,30880,10039,782,857,91.2485414235706,630,743,84.79138627187079,227,288,78.81944444444444,3,2.8,2.9,0.2,26,194,21,4,162,1989,1929,53,45,9,38,18,3,0,0,0,0,1695,7,19,65,2.096774193548387,58,0,1,2,2,2,10,0.3225806451612903,7,0,0,1,1,1,79,56,45,30,4,30,67,44.776119402985074,37,65,19,46,46,117,65,3,2354,156,707,1300,366,29,2354,27,19,70.37037037037037,8,29.629629629629626,1338,4641,2455,23,23,4,33,14,1608,30,79.94285714285714,33,24,2,2,57,26,31,1.0,50.0,33.3,16.7,0.5387096774193548,0,56,41,4,18,46,56,1,0,0,230,101,50,66.88741721854305,1,0,1.0,1.0,0.0,0.0,0.0,0.0006720430107526,0.0007112375533428
Christopher Nkunku,2021-2022,23,1997,40,36,3205,35.7,24,15,39,23,1,1,2,0,16.1,15.3,9.7,25.0,100,117,284,0.6722689075630252,0.4201680672268907,1.0924369747899159,0.6442577030812324,1.0644257703081232,0.45098039215686275,0.27170868347338933,0.7226890756302521,0.42857142857142855,0.7002801120448179,35.7,24,96,48,50.0,2.6890756302521006,1.3445378151260503,0.25,0.5,8,1,1,0.15937500000000002,3.9,3.7,813,1037,78.39922854387656,11116,2829,452,523,86.4244741873805,237,294,80.61224489795919,45,80,56.25,15,9.7,10.0,3.3,64,47,60,6,117,1037,979,56,15,12,4,79,11,29,14,6,0,813,2,25,145,4.061624649859944,92,9,17,12,13,2,31,0.8683473389355741,19,0,5,2,4,1,23,11,10,11,2,9,35,25.71428571428571,26,23,2,21,19,38,15,0,1396,18,91,535,791,192,1395,99,66,66.66666666666666,32,32.323232323232325,856,4874,2388,100,55,52,109,50,1093,284,80.125,36,21,4,0,78,36,42,1.176470588235294,59.0,37.3,21.7,0.6078431372549019,0,36,71,17,79,19,11,3,0,0,103,26,28,48.148148148148145,0,0,0.0,0.0,1.0,0.0,0.0,0.0,0.0
Cristiano Ronaldo,2021-2022,36,1985,32,28,2607,28.9,18,3,21,15,3,4,9,0,17.9,15.6,3.0,18.4,68,66,195,0.6228373702422145,0.10380622837370243,0.726643598615917,0.5190311418685122,0.6228373702422145,0.6193771626297577,0.10380622837370243,0.7231833910034602,0.5397923875432526,0.6366782006920415,28.9,18,118,42,35.59322033898305,4.083044982698962,1.453287197231834,0.15254237288135594,0.42857142857142855,8,3,4,0.13220338983050847,0.0999999999999999,-0.6000000000000001,734,917,80.04362050163577,9034,1353,475,549,86.52094717668488,175,220,79.54545454545455,21,30,70.0,3,3.0,2.0,0.0,27,46,16,0,66,917,879,35,3,2,3,16,7,0,0,0,0,734,3,27,84,2.906574394463668,63,0,9,6,6,0,9,0.31141868512110726,4,0,2,1,2,0,9,7,1,6,2,3,7,42.857142857142854,4,8,0,8,2,11,29,0,1183,30,103,508,580,172,1180,33,21,63.63636363636363,12,36.36363636363637,638,3301,1767,68,42,37,50,30,963,195,81.46875,28,22,4,0,41,43,-2,-0.06920415224913495,45.099999999999994,39.2,5.8999999999999995,0.2041522491349481,0,17,19,35,16,2,7,2,0,0,54,42,68,38.18181818181819,0,0,0.0,0.0,0.0,0.0,0.0,0.0,0.0
Darwin Nunez,2021-2022,22,1999,28,24,1976,22.0,26,4,30,22,4,4,6,0,18.4,15.2,5.5,20.7,85,38,222,1.1818181818181819,0.18181818181818182,1.3636363636363635,1.0,1.1818181818181819,0.8363636363636363,0.25,1.0863636363636362,0.6909090909090909,0.9409090909090909,22.0,26,81,38,46.913580246913575,3.6818181818181817,1.7272727272727273,0.32098765432098764,0.6842105263157895,2,4,4,0.1876543209876543,7.6,6.8,293,469,62.47334754797441,4329,1005,171,238,71.84873949579831,80,133,60.150375939849624,25,41,60.97560975609756,4,5.5,4.8,-1.5,30,24,22,10,38,469,458,10,2,2,6,51,4,1,0,0,0,293,1,23,71,3.227272727272727,46,1,11,9,3,1,13,0.5909090909090909,7,0,4,1,1,0,14,7,5,5,4,3,10,30.0,7,13,5,8,5,19,15,0,736,19,43,212,496,192,732,78,39,50.0,39,50.0,479,3767,1860,85,31,47,53,26,567,222,70.57142857142857,24,10,4,0,57,18,39,1.7727272727272727,49.1,19.9,29.2,1.3272727272727272,0,28,29,23,51,5,7,1,0,0,51,26,38,40.625,0,0,0.0,0.0,0.0,0.0,0.0,0.0,0.0
Dusan Vlahovic,2021-2022,21,2000,43,39,3490,38.8,28,3,31,23,5,6,4,0,18.1,13.4,2.9000000000000004,16.2,33,56,251,0.7216494845360826,0.07731958762886598,0.7989690721649485,0.5927835051546392,0.6701030927835052,0.4664948453608248,0.07474226804123713,0.5412371134020619,0.3453608247422681,0.4175257731958763,38.8,28,138,59,42.7536231884058,3.5567010309278353,1.520618556701031,0.2028985507246377,0.4745762711864407,6,5,6,0.09710144927536232,5.8999999999999995,5.6,424,626,67.73162939297124,7022,1211,207,280,73.92857142857143,147,208,70.67307692307693,49,65,75.38461538461539,3,2.9000000000000004,2.9,0.1,29,24,19,4,56,626,572,52,2,8,5,27,2,0,0,0,0,424,2,31,83,2.1391752577319587,57,0,7,11,8,0,13,0.3350515463917526,7,0,1,5,0,0,5,1,0,2,3,2,15,13.333333333333334,13,9,2,7,2,6,23,0,1030,30,56,440,546,195,1024,64,31,48.4375,33,51.5625,608,2497,860,33,24,16,138,70,857,251,81.16279069767442,39,26,4,0,71,45,26,0.6701030927835052,48.9,36.0,12.9,0.33247422680412375,0,32,80,37,27,2,1,0,0,0,63,59,54,52.21238938053098,1,0,0.0,0.0,0.0,0.0,0.0,0.0006720430107526,0.0007112375533428
Erling Haaland,2021-2022,21,2000,26,23,2091,23.2,26,8,34,18,8,8,3,0,17.9,13.2,5.4,18.6,40,41,137,1.120689655172414,0.3448275862068966,1.4655172413793105,0.7758620689655172,1.120689655172414,0.771551724137931,0.2327586206896552,1.004310344827586,0.5689655172413793,0.8017241379310346,23.2,26,86,40,46.51162790697674,3.706896551724138,1.7241379310344829,0.3023255813953488,0.65,0,8,8,0.15348837209302324,4.1,2.8,331,476,69.53781512605042,3628,787,210,266,78.94736842105263,70,109,64.22018348623854,2,4,50.0,8,5.4,5.0,2.6,23,14,24,1,41,476,416,55,0,3,0,8,3,0,0,0,0,331,5,17,61,2.6293103448275863,44,0,6,8,3,0,16,0.6896551724137931,11,0,3,2,0,0,2,1,0,1,1,0,1,0.0,1,8,1,7,1,3,31,0,701,31,52,290,365,149,695,24,13,54.166666666666664,11,45.83333333333333,334,1437,754,40,15,24,58,16,511,137,80.42307692307692,23,16,3,0,62,40,22,0.9482758620689655,42.2,28.8,13.4,0.5775862068965517,0,19,15,16,8,1,1,0,0,0,40,38,27,58.46153846153847,18,0,0.0,0.0,0.0,0.0,0.0,0.0120967741935483,0.0128022759601706
Fabinho,2021-2022,27,1993,32,29,2557,28.4,7,1,8,4,3,3,8,0,3.9,2.4,1.3,3.7,18,134,37,0.24647887323943662,0.035211267605633804,0.28169014084507044,0.14084507042253522,0.17605633802816903,0.13732394366197184,0.045774647887323945,0.18309859154929578,0.08450704225352113,0.1302816901408451,28.4,7,23,9,39.130434782608695,0.8098591549295775,0.31690140845070425,0.30434782608695654,0.7777777777777778,2,3,3,0.10434782608695652,1.1,0.6,1350,1550,87.09677419354838,21821,5712,676,741,91.22807017543859,548,608,90.13157894736842,94,135,69.62962962962963,1,1.3,1.9,-0.3,16,151,12,1,134,1550,1525,23,23,5,4,6,0,0,0,0,0,1350,2,17,53,1.8661971830985917,42,0,0,3,6,2,5,0.17605633802816903,3,0,0,2,0,0,46,27,17,23,6,24,70,34.285714285714285,46,33,10,23,40,85,25,1,1788,42,343,1175,281,21,1786,15,11,73.33333333333333,4,26.666666666666668,942,3953,1874,18,27,1,24,13,1231,37,79.90625,29,23,3,1,69,21,48,1.6901408450704227,60.7,23.5,37.2,1.3098591549295777,0,42,29,0,6,40,27,0,0,0,193,43,24,64.17910447761194,2,0,0.0,0.0,1.0,0.0,0.0,0.0013440860215053,0.0014224751066856
Harry Kane,2021-2022,28,1993,40,38,3464,38.5,20,9,29,16,4,4,5,0,18.6,15.4,9.1,24.5,87,143,212,0.5194805194805194,0.23376623376623376,0.7532467532467533,0.4155844155844156,0.6493506493506493,0.48311688311688317,0.23636363636363636,0.7194805194805196,0.4,0.6363636363636364,38.5,20,137,54,39.416058394160586,3.5584415584415585,1.4025974025974026,0.145985401459854,0.37037037037037035,8,4,4,0.1124087591240876,-1.6,-2.4,637,945,67.4074074074074,11124,3759,305,397,76.82619647355163,197,283,69.6113074204947,91,140,65.0,9,9.1,5.5,-0.1,49,89,42,6,143,945,887,47,10,22,13,43,18,0,0,0,0,637,11,43,128,3.324675324675325,94,2,10,16,6,0,21,0.5454545454545454,17,0,1,3,0,0,15,5,2,10,3,7,18,38.88888888888889,11,26,8,18,3,18,39,0,1387,51,137,632,639,170,1383,100,54,54.0,46,46.0,891,5061,2208,87,57,31,97,61,1095,212,86.6,38,37,2,0,72,42,30,0.7792207792207793,58.2,36.2,22.0,0.5714285714285714,0,44,57,20,43,3,5,0,0,0,92,75,81,48.07692307692308,0,0,0.0,0.0,0.0,0.0,0.0,0.0,0.0
Joshua Kimmich,2021-2022,26,1995,30,30,2609,29.0,3,9,12,3,0,0,4,0,2.3,2.3,8.7,11.0,43,292,53,0.10344827586206896,0.3103448275862069,0.41379310344827586,0.10344827586206896,0.41379310344827586,0.0793103448275862,0.3,0.3793103448275862,0.0793103448275862,0.3793103448275862,29.0,3,29,9,31.03448275862069,1.0,0.3103448275862069,0.10344827586206896,0.3333333333333333,0,0,0,0.0793103448275862,0.7,0.7,2177,2595,83.89210019267823,39188,13899,984,1080,91.11111111111111,893,999,89.38938938938938,250,406,61.57635467980296,9,8.7,10.6,0.3,80,246,56,4,292,2595,2260,318,126,20,16,194,39,153,80,56,2,2177,17,28,155,5.344827586206897,81,63,1,3,3,4,24,0.8275862068965517,9,13,0,0,1,1,39,23,14,17,8,18,58,31.03448275862069,40,34,8,26,55,91,29,1,2881,70,553,1630,718,28,2881,41,21,51.21951219512195,20,48.78048780487805,1566,7978,3641,43,43,1,32,18,1954,53,86.96666666666667,30,25,0,0,85,37,48,1.6551724137931034,71.4,30.9,40.5,1.396551724137931,0,22,49,1,194,55,23,0,1,0,218,16,18,47.05882352941176,0,0,1.0,0.0,0.0,0.0,0.0,0.0,0.0
Joao Cancelo,2021-2022,27,1994,41,41,3644,40.5,1,7,8,1,0,0,7,0,4.0,4.0,5.4,9.3,125,357,270,0.024691358024691357,0.1728395061728395,0.19753086419753085,0.024691358024691357,0.19753086419753085,0.09876543209876543,0.13333333333333333,0.23209876543209879,0.09876543209876543,0.22962962962962966,40.5,1,86,23,26.744186046511626,2.123456790123457,0.5679012345679012,0.011627906976744186,0.043478260869565216,1,0,0,0.046511627906976744,-3.0,-3.0,2809,3365,83.47696879643388,44538,12620,1610,1732,92.95612009237875,938,1130,83.00884955752213,208,346,60.115606936416185,7,5.4,6.6,1.6,39,308,96,12,357,3365,3019,338,55,21,41,134,282,1,1,0,0,2809,8,59,126,3.111111111111111,98,1,8,16,2,1,18,0.4444444444444444,13,1,1,3,0,0,83,59,33,35,15,46,91,50.54945054945055,45,25,3,22,66,142,45,1,3769,67,618,1931,1245,101,3769,106,56,52.83018867924528,50,47.16981132075472,2411,11313,5785,125,129,36,45,24,2749,270,88.8780487804878,41,38,0,1,104,31,73,1.8024691358024691,80.9,23.7,57.2,1.4123456790123456,0,41,28,3,134,66,59,0,0,0,217,57,51,52.77777777777778,0,0,1.0,0.0,0.0,0.0,0.0,0.0,0.0
Karim Benzema,2021-2022,33,1987,32,31,2593,28.8,27,12,39,20,7,11,0,0,23.7,15.1,7.9,23.0,88,177,252,0.9375,0.41666666666666663,1.3541666666666667,0.6944444444444444,1.1111111111111112,0.8229166666666666,0.2743055555555556,1.0972222222222223,0.5243055555555556,0.798611111111111,28.8,27,117,48,41.02564102564102,4.0625,1.6666666666666665,0.23076923076923078,0.5625,3,7,11,0.12905982905982905,3.3,4.9,1043,1245,83.77510040160642,13822,3030,670,739,90.66305818673884,249,290,85.86206896551725,56,76,73.68421052631578,12,7.9,7.4,4.1,62,76,82,1,177,1245,1175,57,4,6,10,10,2,8,0,0,0,1043,13,30,128,4.444444444444445,108,0,12,7,1,0,22,0.7638888888888888,16,0,5,1,0,0,11,9,5,3,3,2,9,22.22222222222222,7,10,0,10,4,15,13,0,1501,15,59,510,942,224,1490,51,36,70.58823529411765,15,29.411764705882355,976,4819,2440,88,66,41,35,24,1275,252,81.03125,31,18,1,1,65,23,42,1.4583333333333333,56.6,28.6,28.0,0.9722222222222222,0,13,9,31,10,4,9,0,0,0,44,18,30,37.5,549,1,1.0,1.0,0.0,0.0,0.0,0.3689516129032258,0.3904694167852062
Kevin De Bruyne,2021-2022,30,1991,33,28,2423,27.0,16,11,27,15,1,1,2,0,5.7,5.7,10.4,16.1,84,204,175,0.5925925925925926,0.4074074074074074,1.0,0.5555555555555556,0.9629629629629629,0.2111111111111111,0.3851851851851852,0.5962962962962963,0.2111111111111111,0.5962962962962963,27.0,16,85,33,38.82352941176471,3.1481481481481484,1.2222222222222223,0.18823529411764706,0.48484848484848486,7,1,1,0.06705882352941177,9.3,9.3,1170,1568,74.61734693877551,19948,5365,581,663,87.63197586726999,434,558,77.77777777777779,122,249,48.99598393574297,11,10.4,7.5,-2.4,87,143,65,10,204,1568,1389,169,49,20,19,200,20,96,44,15,3,1170,10,29,152,5.62962962962963,105,30,5,9,3,0,14,0.5185185185185185,10,3,1,0,0,0,32,18,4,15,13,12,37,32.432432432432435,25,32,2,30,8,38,16,0,1821,25,127,685,1027,107,1821,55,31,56.36363636363636,24,43.63636363636363,1126,5397,3213,84,85,20,40,20,1350,175,73.42424242424242,28,17,5,5,75,24,51,1.8888888888888888,52.0,17.6,34.4,1.274074074074074,0,22,28,4,200,8,18,0,0,0,114,11,18,37.93103448275862,175,0,1.0,0.0,0.0,0.0,0.0,0.1176075268817204,0.1244665718349928
Kylian Mbappe,2021-2022,22,1998,38,36,3260,36.2,33,17,50,28,5,5,10,0,23.8,20.7,12.6,33.4,210,107,449,0.9116022099447513,0.46961325966850825,1.3812154696132595,0.7734806629834253,1.2430939226519335,0.6574585635359116,0.3480662983425414,1.005524861878453,0.5718232044198894,0.9226519337016573,36.2,33,158,65,41.139240506329116,4.3646408839779,1.7955801104972375,0.2088607594936709,0.5076923076923077,3,5,5,0.1310126582278481,4.2,3.3,1139,1435,79.37282229965157,15413,2996,715,821,87.08891595615104,276,348,79.3103448275862,60,101,59.4059405940594,17,12.6,9.1,4.4,70,75,58,9,107,1435,1312,115,11,7,16,75,20,47,9,6,1,1139,8,28,181,5.0,115,10,30,13,12,1,40,1.1049723756906076,21,4,10,1,4,0,11,9,1,4,6,7,13,53.84615384615385,6,6,0,6,6,16,13,0,1902,17,48,631,1247,299,1898,205,112,54.63414634146342,92,44.87804878048781,1416,9443,5202,210,122,103,112,57,1623,449,85.78947368421052,36,26,2,0,92,30,62,1.7127071823204418,69.9,33.7,36.2,1.0,0,29,62,41,75,6,9,4,0,0,63,4,10,28.57142857142857,85,0,1.0,0.0,0.0,0.0,0.0,0.0571236559139784,0.0604551920341394
Luis Diaz,2021-2022,24,1997,36,31,2697,30.0,18,7,25,18,0,1,2,0,15.6,14.9,8.0,22.9,143,99,313,0.6,0.23333333333333334,0.8333333333333334,0.6,0.8333333333333334,0.52,0.26666666666666666,0.7866666666666667,0.4966666666666667,0.7633333333333333,30.0,18,109,41,37.61467889908257,3.6333333333333333,1.3666666666666667,0.1651376146788991,0.43902439024390244,1,0,1,0.13669724770642203,2.4,3.1,928,1127,82.34250221827861,13081,2808,575,652,88.19018404907976,265,318,83.33333333333334,51,65,78.46153846153847,7,8.0,5.6,-1.0,59,44,45,8,99,1127,1097,26,2,3,6,36,18,6,0,0,0,928,4,27,152,5.066666666666666,109,0,26,13,2,2,17,0.5666666666666667,11,0,4,2,0,0,21,15,5,11,5,7,21,33.33333333333333,14,18,0,18,10,29,8,0,1480,12,68,551,877,220,1479,122,77,63.114754098360656,45,36.885245901639344,1007,6770,3455,143,57,86,68,45,1150,313,74.91666666666667,31,9,5,3,75,17,58,1.9333333333333333,68.1,18.299999999999997,49.7,1.6566666666666667,0,44,46,12,36,10,15,1,0,0,127,48,46,51.06382978723404,1,0,1.0,0.0,1.0,0.0,0.0,0.0006720430107526,0.0007112375533428
Luka Modric,2021-2022,35,1985,30,26,2171,24.1,2,8,10,1,1,1,5,0,2.5,1.7,5.2,6.8,67,221,87,0.08298755186721991,0.33195020746887965,0.41493775933609955,0.04149377593360996,0.37344398340248963,0.10373443983402489,0.21576763485477177,0.31950207468879666,0.07053941908713693,0.2821576763485477,24.1,2,27,10,37.03703703703704,1.120331950207469,0.41493775933609955,0.07407407407407407,0.2,1,1,1,0.06296296296296296,-0.5,-0.7,1500,1706,87.92497069167644,25207,7617,753,799,94.24280350438048,517,571,90.54290718038528,165,219,75.34246575342466,8,5.2,5.1,2.8,37,188,38,3,221,1706,1587,112,64,11,35,50,12,30,10,7,0,1500,7,28,84,3.485477178423236,68,9,3,3,0,1,11,0.45643153526970953,8,1,0,2,0,0,18,10,8,7,3,6,27,22.22222222222222,21,10,4,6,21,38,9,0,1875,18,336,922,631,50,1874,48,32,66.66666666666666,16,33.33333333333333,1330,6778,3299,67,39,14,30,22,1495,87,72.36666666666666,26,7,4,2,49,22,27,1.120331950207469,42.0,24.4,17.6,0.7302904564315353,0,25,34,1,50,21,10,0,0,0,123,6,14,30.0,20,0,1.0,1.0,0.0,0.0,0.0,0.0134408602150537,0.0142247510668563
Mohamed Salah,2021-2022,29,1992,37,32,2884,32.1,23,13,36,18,5,6,1,0,22.7,17.8,10.0,27.8,125,122,451,0.7165109034267912,0.40498442367601245,1.1214953271028036,0.5607476635514018,0.9657320872274143,0.7071651090342679,0.3115264797507788,1.0186915887850467,0.5545171339563862,0.8660436137071651,32.1,23,137,50,36.496350364963504,4.26791277258567,1.557632398753894,0.1678832116788321,0.46,1,5,6,0.1299270072992701,0.3,0.2,875,1136,77.02464788732394,11516,3063,567,648,87.5,233,309,75.40453074433657,29,49,59.183673469387756,13,10.0,7.4,3.0,62,46,57,4,122,1136,1112,15,1,18,3,43,7,1,1,0,0,875,9,38,141,4.392523364485981,104,0,17,18,2,0,25,0.778816199376947,17,0,5,2,1,0,17,8,5,9,3,6,19,31.57894736842105,13,7,1,6,7,23,5,0,1552,7,55,455,1056,301,1546,124,53,42.74193548387097,71,57.25806451612904,1030,5898,2909,125,57,97,99,81,1300,451,77.94594594594595,32,26,5,0,81,24,57,1.7757009345794392,75.7,27.1,48.6,1.514018691588785,0,13,23,14,43,7,8,2,0,0,86,7,33,17.5,116,0,0.0,0.0,1.0,0.0,0.0,0.0779569892473118,0.0825035561877667
Phil Foden,2021-2022,21,2000,32,27,2412,26.8,10,7,17,10,0,0,1,0,9.4,9.4,6.3,15.7,71,98,248,0.3731343283582089,0.26119402985074625,0.6343283582089552,0.3731343283582089,0.6343283582089552,0.35074626865671643,0.23507462686567163,0.585820895522388,0.35074626865671643,0.585820895522388,26.8,10,63,25,39.682539682539684,2.3507462686567164,0.9328358208955224,0.15873015873015872,0.4,0,0,0,0.1492063492063492,-0.4,-0.4,881,1102,79.94555353901997,12909,2621,542,595,91.09243697478992,235,294,79.93197278911565,56,115,48.69565217391305,7,6.3,5.3,-1.3,40,50,37,9,98,1102,995,104,19,7,8,139,7,65,32,23,0,881,3,32,89,3.3208955223880596,63,13,3,7,2,1,13,0.48507462686567165,8,3,0,2,0,0,16,10,10,4,2,7,17,41.17647058823529,10,9,0,9,14,27,5,0,1303,6,66,426,820,137,1303,58,37,63.793103448275865,21,36.206896551724135,872,4436,1941,71,43,39,48,34,1023,248,75.375,27,17,5,5,69,20,49,1.828358208955224,52.4,14.7,37.7,1.4067164179104479,0,18,25,15,139,14,10,0,0,0,83,5,27,15.625,0,0,1.0,0.0,0.0,0.0,0.0,0.0,0.0
Rafael Leao,2021-2022,22,1999,38,34,2890,32.1,13,11,24,13,0,0,4,0,8.8,8.8,6.8,15.5,161,101,218,0.40498442367601245,0.3426791277258567,0.7476635514018691,0.40498442367601245,0.7476635514018691,0.2741433021806854,0.2118380062305296,0.48598130841121495,0.2741433021806854,0.48286604361370716,32.1,13,107,44,41.1214953271028,3.333333333333333,1.3707165109034267,0.12149532710280374,0.29545454545454547,0,0,0,0.08224299065420561,2.2,2.2,555,787,70.52096569250318,9136,2681,284,368,77.17391304347827,187,244,76.63934426229508,60,84,71.42857142857143,11,6.8,4.9,3.2,45,46,48,12,101,787,759,21,3,4,9,67,14,2,0,0,0,555,7,38,113,3.5202492211838003,65,0,28,9,11,0,19,0.5919003115264797,13,0,5,0,1,0,17,9,3,9,5,10,20,50.0,10,12,1,11,12,29,8,0,1166,12,58,434,707,172,1166,163,98,60.122699386503065,65,39.87730061349693,808,7959,4496,161,109,69,71,50,914,218,76.05263157894737,34,13,4,1,60,23,37,1.1526479750778815,46.3,24.1,22.3,0.6947040498442367,0,26,51,8,67,12,9,2,0,0,99,28,37,43.07692307692308,2,0,1.0,0.0,0.0,0.0,0.0,0.0013440860215053,0.0014224751066856
Riyad Mahrez,2021-2022,30,1991,32,17,1701,18.9,15,6,21,10,5,6,0,0,10.1,6.2,4.2,10.4,74,70,234,0.7936507936507937,0.3174603174603175,1.1111111111111112,0.5291005291005292,0.8465608465608466,0.5343915343915344,0.22222222222222224,0.7566137566137567,0.3280423280423281,0.5502645502645503,18.9,15,69,24,34.78260869565217,3.650793650793651,1.26984126984127,0.21739130434782608,0.625,6,5,6,0.08985507246376812,0.9,0.8,777,947,82.04857444561775,11969,2132,443,486,91.1522633744856,264,313,84.34504792332268,53,102,51.9607843137255,6,4.2,3.8,0.8,39,27,34,6,70,947,842,99,11,7,6,110,18,70,42,0,1,777,6,14,73,3.8624338624338628,55,12,1,4,1,0,10,0.5291005291005292,7,2,0,1,0,0,11,6,5,4,2,5,19,26.31578947368421,14,15,1,14,6,17,6,0,1135,11,81,318,746,127,1130,50,26,52.0,24,48.0,775,4744,2037,74,35,44,42,21,847,234,53.15625,17,11,15,8,53,15,38,2.0105820105820107,43.1,11.7,31.4,1.6613756613756614,0,11,16,4,110,6,6,0,0,0,70,8,14,36.36363636363637,4,0,1.0,0.0,0.0,0.0,0.0,0.0026881720430107,0.0028449502133712
Robert Lewandowski,2021-2022,32,1988,35,35,3036,33.7,35,3,38,30,5,5,2,0,33.2,29.3,4.4,33.7,46,81,268,1.0385756676557862,0.08902077151335311,1.1275964391691393,0.890207715133531,0.9792284866468842,0.9851632047477745,0.13056379821958458,1.115727002967359,0.8694362017804154,1.0,33.7,35,157,76,48.40764331210191,4.6587537091988125,2.2551928783382786,0.2229299363057325,0.4605263157894737,3,5,5,0.18662420382165607,1.8,0.7,575,767,74.96740547588006,7309,1585,362,441,82.08616780045351,146,193,75.64766839378238,21,40,52.5,3,4.4,4.8,-1.4,37,38,30,3,81,767,733,29,7,10,4,26,1,0,0,0,0,575,5,26,109,3.2344213649851628,63,1,18,16,10,1,15,0.4451038575667655,8,0,3,3,1,0,10,3,0,6,4,5,17,29.411764705882355,12,17,2,15,7,16,8,0,1160,14,46,438,685,242,1155,81,47,58.0246913580247,34,41.9753086419753,685,3274,1241,46,31,21,83,55,917,268,86.74285714285715,35,29,0,0,92,41,51,1.5133531157270028,84.8,35.3,49.4,1.465875370919881,0,23,39,23,26,7,3,1,0,0,72,53,58,47.74774774774775,170,0,1.0,0.0,0.0,0.0,0.0,0.1142473118279569,0.1209103840682788
Sadio Mane,2021-2022,29,1992,37,34,3030,33.6,18,2,20,18,0,0,6,0,17.2,17.2,5.2,22.5,105,130,305,0.5357142857142857,0.05952380952380952,0.5952380952380952,0.5357142857142857,0.5952380952380952,0.5119047619047619,0.15476190476190477,0.6666666666666666,0.5119047619047619,0.6696428571428571,33.6,18,101,40,39.603960396039604,3.005952380952381,1.1904761904761905,0.1782178217821782,0.45,0,0,0,0.17029702970297028,-1.2,-1.2,818,1100,74.36363636363636,12061,2748,460,550,83.63636363636363,274,360,76.11111111111111,44,67,65.67164179104478,2,5.2,4.4,-3.2,41,63,61,5,130,1100,1082,12,3,16,3,53,8,0,0,0,0,818,6,41,114,3.392857142857143,79,0,8,17,10,0,13,0.38690476190476186,7,0,1,4,1,0,33,20,7,14,12,8,26,30.76923076923077,18,30,1,29,8,41,15,0,1492,20,94,617,806,201,1492,77,47,61.038961038961034,29,37.66233766233766,1027,5897,2663,105,57,45,104,59,1218,305,81.89189189189189,34,26,3,0,79,25,54,1.607142857142857,74.1,28.1,46.0,1.369047619047619,0,54,58,20,53,8,20,1,0,0,109,30,50,37.5,193,0,0.0,0.0,1.0,1.0,0.0,0.1297043010752688,0.1372688477951635
Son Heung-min,2021-2022,29,1992,37,37,3194,35.5,23,7,30,23,0,0,2,0,15.9,15.9,7.5,23.4,116,90,242,0.647887323943662,0.19718309859154928,0.8450704225352113,0.647887323943662,0.8450704225352113,0.447887323943662,0.2112676056338028,0.6591549295774648,0.447887323943662,0.6591549295774648,35.5,23,91,53,58.24175824175825,2.563380281690141,1.4929577464788732,0.25274725274725274,0.4339622641509434,2,0,0,0.17472527472527474,7.1,7.1,928,1219,76.12797374897457,12453,3148,569,623,91.3322632423756,239,316,75.63291139240506,48,151,31.788079470198678,7,7.5,5.6,-0.5,72,33,42,4,90,1219,1007,207,37,2,3,197,7,157,66,53,0,928,5,33,135,3.8028169014084505,82,35,2,9,6,1,13,0.36619718309859156,7,3,0,0,3,0,15,6,5,7,3,5,23,21.73913043478261,18,27,6,21,14,28,8,0,1545,15,146,564,867,146,1545,92,51,55.434782608695656,40,43.47826086956522,912,6351,3123,116,68,50,75,46,1078,242,86.32432432432432,37,21,0,0,68,32,36,1.0140845070422535,54.7,32.4,22.3,0.6281690140845071,0,15,38,18,197,14,6,2,0,0,144,16,35,31.372549019607842,5,0,0.0,0.0,0.0,0.0,0.0,0.0033602150537634,0.003556187766714
Sebastien Haller,2021-2022,27,1994,31,31,2568,28.5,21,7,28,19,2,2,4,0,21.7,20.2,6.6,26.7,21,66,216,0.7368421052631579,0.24561403508771928,0.9824561403508771,0.6666666666666666,0.9122807017543859,0.7614035087719297,0.23157894736842105,0.9929824561403507,0.7087719298245614,0.9368421052631579,28.5,21,98,40,40.816326530612244,3.43859649122807,1.4035087719298245,0.21428571428571427,0.525,0,2,2,0.20612244897959184,-0.7,-1.2,542,776,69.84536082474226,6854,1118,336,443,75.84650112866818,132,181,72.92817679558011,18,32,56.25,7,6.6,5.4,0.4,44,37,16,0,66,776,730,40,0,1,3,6,1,0,0,0,0,542,6,20,79,2.7719298245614037,58,0,1,14,6,0,12,0.42105263157894735,9,0,0,2,1,0,19,7,1,9,9,4,17,23.52941176470588,13,19,2,17,2,21,21,0,1116,26,64,423,640,253,1114,37,23,62.16216216216216,14,37.83783783783784,590,2058,646,21,11,12,75,43,849,216,82.83870967741936,31,20,0,0,82,16,66,2.3157894736842106,79.7,24.8,54.9,1.9263157894736842,0,29,33,11,6,2,7,1,0,0,91,114,65,63.687150837988824,2,0,1.0,0.0,0.0,0.0,0.0,0.0013440860215053,0.0014224751066856
Trent Alexander-Arnold,2021-2022,22,1998,35,35,3153,35.0,2,13,15,2,0,0,2,0,2.4,2.4,12.0,14.4,53,267,201,0.05714285714285714,0.37142857142857144,0.42857142857142855,0.05714285714285714,0.42857142857142855,0.06857142857142857,0.34285714285714286,0.4114285714285714,0.06857142857142857,0.4114285714285714,35.0,2,55,15,27.27272727272727,1.5714285714285714,0.42857142857142855,0.03636363636363636,0.13333333333333333,8,0,0,0.04363636363636363,-0.4,-0.4,2039,2757,73.95719985491476,40112,15683,841,964,87.24066390041494,811,1048,77.3854961832061,344,636,54.088050314465406,13,12.0,13.0,0.0,90,245,85,25,267,2757,2204,548,93,17,69,294,324,131,29,89,0,2039,5,34,160,4.571428571428571,96,53,3,7,1,0,18,0.5142857142857142,13,4,0,1,0,0,40,29,19,13,8,27,60,45.0,33,22,4,18,45,83,40,0,3036,71,602,1386,1070,83,3036,39,19,48.717948717948715,20,51.28205128205128,1504,5687,2824,53,55,14,41,19,1897,201,90.08571428571429,35,33,0,2,86,25,61,1.7428571428571429,74.1,30.0,44.1,1.26,0,12,9,12,294,45,29,0,0,0,235,15,13,53.57142857142857,0,0,0.0,0.0,1.0,0.0,0.0,0.0,0.0
Vinicius Junior,2021-2022,21,2000,37,32,2866,31.9,17,10,27,17,0,0,6,0,12.3,12.3,8.0,20.3,225,123,485,0.5329153605015674,0.31347962382445144,0.8463949843260189,0.5329153605015674,0.8463949843260189,0.38557993730407525,0.25078369905956116,0.6363636363636365,0.38557993730407525,0.6363636363636365,31.9,17,84,44,52.38095238095239,2.633228840125392,1.3793103448275863,0.20238095238095238,0.38636363636363635,0,0,0,0.14642857142857144,4.7,4.7,1075,1289,83.39798293250583,14515,2865,684,759,90.11857707509881,269,315,85.39682539682539,52,72,72.22222222222221,10,8.0,7.7,2.0,68,32,68,7,123,1289,1263,20,5,5,12,44,9,5,0,0,0,1075,6,35,188,5.893416927899687,129,1,27,9,19,3,28,0.877742946708464,18,0,5,1,3,1,46,27,23,19,4,15,50,30.0,35,25,0,25,6,52,6,0,1729,7,149,434,1172,228,1729,209,95,45.45454545454545,114,54.54545454545454,1373,10475,6171,225,119,110,86,59,1476,485,77.45945945945945,32,15,5,0,67,23,44,1.3793103448275863,54.9,31.0,23.9,0.7492163009404389,0,34,83,26,44,6,27,4,0,0,105,3,8,27.27272727272727,61,0,1.0,1.0,0.0,0.0,0.0,0.0409946236559139,0.0433854907539118
Virgil van Dijk,2021-2022,30,1991,39,39,3510,39.0,3,1,4,3,0,0,3,0,2.0,2.0,1.5,3.6,11,145,4,0.07692307692307693,0.02564102564102564,0.10256410256410256,0.07692307692307693,0.10256410256410256,0.05128205128205128,0.038461538461538464,0.08974358974358974,0.05128205128205128,0.09230769230769231,39.0,3,38,14,36.84210526315789,0.9743589743589743,0.358974358974359,0.07894736842105263,0.21428571428571427,1,0,0,0.05263157894736842,1.0,1.0,2376,2655,89.49152542372882,46859,18162,780,848,91.98113207547169,1298,1375,94.39999999999999,278,395,70.37974683544303,1,1.5,1.0,-0.5,9,156,4,0,145,2655,2575,78,71,6,18,0,7,0,0,0,0,2376,2,5,31,0.7948717948717948,22,1,0,6,0,2,6,0.15384615384615385,4,0,0,2,0,0,16,11,11,5,0,11,16,68.75,5,21,14,7,32,47,109,0,2894,300,1296,1514,90,57,2894,8,6,75.0,2,25.0,1717,6530,3379,11,4,0,5,3,2096,4,90.0,39,38,0,1,95,25,70,1.794871794871795,80.9,29.1,51.8,1.3282051282051281,0,11,10,0,0,32,11,0,0,0,204,117,34,77.48344370860927,1,0,0.0,0.0,1.0,0.0,0.0,0.0006720430107526,0.0007112375533428
Antoine Griezmann,2022-2023,31,1991,49,41,3756,41.8,15,20,35,15,0,0,4,0,13.0,13.0,16.900000000000002,29.9,109,207,233,0.35885167464114837,0.47846889952153115,0.8373205741626795,0.35885167464114837,0.8373205741626795,0.31100478468899523,0.40430622009569384,0.7153110047846891,0.31100478468899523,0.715311004784689,41.8,15,123,48,39.02439024390244,2.9425837320574164,1.1483253588516746,0.12195121951219512,0.3125,6,0,0,0.10569105691056911,2.0,2.0,1494,1926,77.57009345794393,23876,6821,808,909,88.88888888888889,473,599,78.96494156928213,146,273,53.47985347985348,20,16.900000000000002,13.4,2.1,105,143,68,18,207,1926,1731,188,54,20,25,186,7,100,55,28,0,1494,7,44,195,4.6650717703349285,130,35,10,9,8,3,29,0.6937799043062202,21,5,1,2,0,0,63,48,24,28,11,23,71,32.3943661971831,48,42,6,36,38,95,38,0,2355,56,298,1123,965,167,2354,93,51,54.83870967741935,33,35.483870967741936,1304,6918,3478,109,70,29,47,44,1695,233,76.65306122448979,41,30,8,0,81,36,45,1.0765550239234452,66.4,41.8,24.6,0.5885167464114833,0,28,55,16,186,38,48,0,0,0,184,33,38,46.478873239436616,4,0,0.0,0.0,0.0,0.0,0.0,0.0027173913043478,0.0027529249827942
Bernardo Silva,2022-2023,27,1994,44,32,2919,32.5,4,5,9,4,0,0,7,0,2.4000000000000004,2.4000000000000004,3.7,5.9,108,148,205,0.12307692307692308,0.15384615384615385,0.27692307692307694,0.12307692307692308,0.27692307692307694,0.07384615384615385,0.11384615384615385,0.1876923076923077,0.07384615384615385,0.18153846153846154,32.5,4,28,9,32.142857142857146,0.8615384615384616,0.27692307692307694,0.14285714285714285,0.4444444444444444,0,0,0,0.08571428571428573,1.6,1.6,1573,1835,85.72207084468666,25000,4382,859,924,92.96536796536796,550,622,88.42443729903538,112,179,62.56983240223464,5,3.7,4.3,1.2999999999999998,36,92,36,11,148,1835,1742,90,25,3,12,85,50,12,0,2,0,1573,3,35,88,2.707692307692308,76,2,4,1,4,1,15,0.46153846153846156,14,0,0,0,1,0,46,33,11,27,8,19,46,41.30434782608695,27,26,6,20,23,64,6,0,2082,38,321,966,811,100,2082,68,29,42.64705882352941,30,44.11764705882353,1327,8688,4349,108,87,31,34,35,1562,205,66.3409090909091,32,19,12,4,83,29,54,1.6615384615384616,54.5,27.7,26.8,0.8246153846153846,0,38,23,2,85,23,33,1,0,0,154,5,15,25.0,20,0,1.0,1.0,1.0,0.0,0.0,0.0135869565217391,0.013764624913971
Bukayo Saka,2022-2023,20,2001,44,43,3616,40.099999999999994,17,11,28,15,2,3,6,0,11.8,9.7,9.2,18.9,190,119,554,0.42394014962593524,0.2743142144638404,0.6982543640897757,0.374064837905237,0.6483790523690774,0.29426433915211975,0.22942643391521197,0.5236907730673317,0.24189526184538654,0.4713216957605985,40.099999999999994,17,95,35,36.84210526315789,2.3690773067331676,0.8728179551122196,0.17894736842105263,0.4857142857142857,1,2,3,0.10210526315789473,5.199999999999999,5.3,1138,1538,73.99219765929779,16686,3973,699,812,86.08374384236454,323,413,78.20823244552058,74,170,43.529411764705884,11,9.2,6.3999999999999995,1.8,80,53,73,14,119,1538,1400,136,12,2,4,183,23,99,76,0,2,1138,2,66,171,4.264339152119701,111,27,9,11,11,2,29,0.7231920199501248,20,4,2,1,1,1,70,38,24,17,29,21,46,45.65217391304348,25,43,1,42,16,86,21,0,2032,23,177,522,1355,252,2029,175,66,37.714285714285715,75,42.857142857142854,1305,9081,4844,190,101,89,81,62,1473,554,82.18181818181819,43,23,1,1,89,46,43,1.0723192019950125,67.89999999999999,41.8,26.1,0.6508728179551123,0,51,72,13,183,16,38,1,0,0,140,17,39,30.357142857142854,1,0,0.0,0.0,0.0,0.0,0.0,0.0006793478260869,0.0006882312456985
Erling Haaland,2022-2023,22,2000,39,37,3078,34.2,39,8,47,32,7,7,5,0,28.4,23.0,5.3,28.3,35,58,151,1.1403508771929824,0.23391812865497075,1.3742690058479532,0.935672514619883,1.1695906432748537,0.830409356725146,0.15497076023391812,0.9853801169590641,0.6725146198830408,0.827485380116959,34.2,39,127,60,47.24409448818898,3.7134502923976607,1.7543859649122806,0.30708661417322836,0.65,0,7,7,0.18110236220472442,7.6,6.0,360,500,72.0,4403,947,218,276,78.98550724637681,100,132,75.75757575757575,7,9,77.77777777777779,8,5.3,3.1,2.7,29,14,23,0,58,500,449,45,0,4,0,13,2,1,0,0,0,360,6,21,72,2.1052631578947367,48,0,5,10,8,1,17,0.49707602339181284,14,0,0,1,2,0,3,3,0,2,1,1,5,20.0,4,12,4,8,3,6,14,0,763,18,39,290,435,217,756,32,11,34.375,18,56.25,405,2020,761,35,10,25,51,26,583,151,78.92307692307692,37,23,2,3,94,27,67,1.95906432748538,66.9,24.3,42.6,1.2456140350877192,0,35,27,9,13,3,3,1,0,0,37,50,50,50.0,357,0,1.0,1.0,1.0,0.0,0.0,0.2425271739130435,0.245698554714384
Harry Kane,2022-2023,28,1993,45,44,3923,43.599999999999994,33,6,39,27,6,8,6,0,24.1,17.8,8.5,26.3,67,198,217,0.7568807339449543,0.13761467889908258,0.8944954128440368,0.6192660550458716,0.7568807339449543,0.5527522935779817,0.194954128440367,0.7477064220183488,0.408256880733945,0.603211009174312,43.599999999999994,33,139,60,43.16546762589928,3.1880733944954134,1.3761467889908259,0.23741007194244604,0.55,4,6,8,0.12805755395683455,7.9,8.200000000000001,704,1019,69.08734052993131,13322,4735,319,411,77.61557177615572,260,338,76.92307692307693,108,171,63.1578947368421,6,8.5,4.7,-2.5,62,112,52,7,198,1019,947,63,14,22,19,43,26,0,0,0,0,704,9,44,141,3.233944954128441,94,2,14,15,13,3,21,0.48165137614678905,13,0,2,3,3,0,17,13,2,7,8,8,22,36.36363636363637,14,29,8,21,2,19,23,0,1470,36,116,707,671,180,1462,116,44,37.93103448275862,56,48.275862068965516,933,5071,2063,67,55,22,84,63,1143,217,87.17777777777778,44,39,1,1,82,66,16,0.3669724770642202,63.5,52.2,11.4,0.2614678899082569,0,33,65,16,43,2,13,2,0,0,112,75,94,44.37869822485207,4,0,0.0,0.0,0.0,0.0,0.0,0.0027173913043478,0.0027529249827942
Jamal Musiala,2022-2023,19,2003,40,31,2680,29.799999999999997,15,11,26,15,0,0,2,0,9.9,9.9,7.5,17.4,110,143,227,0.5033557046979866,0.3691275167785235,0.8724832214765101,0.5033557046979866,0.8724832214765101,0.33221476510067116,0.2516778523489933,0.5838926174496645,0.33221476510067116,0.5838926174496645,29.799999999999997,15,88,35,39.77272727272727,2.953020134228188,1.1744966442953022,0.17045454545454544,0.42857142857142855,0,0,0,0.1125,2.1,2.1,942,1123,83.88245770258237,13540,2891,539,611,88.21603927986907,330,363,90.9090909090909,34,50,68.0,11,7.5,6.2,3.5,60,69,44,4,143,1123,1099,16,0,5,2,13,10,0,0,0,0,942,8,31,142,4.7651006711409405,105,0,21,10,4,2,27,0.906040268456376,19,0,3,2,1,2,35,25,9,16,10,14,37,37.83783783783784,23,33,4,29,22,55,3,0,1566,20,155,720,719,172,1566,188,96,51.06382978723404,76,40.42553191489361,1138,6955,3280,110,71,45,90,86,1216,227,67.0,31,10,9,0,79,36,43,1.4429530201342282,63.1,31.7,31.4,1.0536912751677854,0,26,54,2,13,22,25,1,0,0,163,13,14,48.148148148148145,0,0,1.0,0.0,0.0,0.0,0.0,0.0,0.0
Josko Gvardiol,2022-2023,20,2002,42,35,3153,35.1,2,0,2,2,0,0,2,1,1.9,1.9,0.6,2.7,38,148,8,0.05698005698005698,0.0,0.05698005698005698,0.05698005698005698,0.05698005698005698,0.054131054131054124,0.017094017094017092,0.07122507122507123,0.054131054131054124,0.07692307692307693,35.1,2,20,6,30.0,0.5698005698005698,0.17094017094017094,0.1,0.3333333333333333,0,0,0,0.095,0.0999999999999999,0.0999999999999999,2378,2668,89.13043478260869,46758,16498,783,836,93.6602870813397,1320,1403,94.08410548823949,256,372,68.81720430107528,0,0.6,1.3,-0.6,13,163,11,1,148,2668,2598,64,60,3,23,6,4,0,0,0,0,2378,6,16,33,0.9401709401709402,30,0,1,1,1,0,2,0.05698005698005698,2,0,0,0,0,0,32,25,20,12,0,14,30,46.666666666666664,16,42,21,21,51,77,113,1,2971,329,1372,1524,92,26,2971,20,17,85.0,2,10.0,2148,10770,5867,38,21,4,10,8,2217,8,75.07142857142857,35,27,7,2,69,39,30,0.8547008547008547,52.2,38.7,13.4,0.3817663817663818,0,31,21,1,6,51,25,0,1,1,215,46,39,54.11764705882353,1,0,0.0,0.0,1.0,0.0,0.0,0.0006793478260869,0.0006882312456985
Jude Bellingham,2022-2023,18,2003,40,37,3342,37.1,11,6,17,9,2,2,9,0,8.799999999999999,8.0,4.3,12.3,106,274,169,0.29649595687331537,0.16172506738544473,0.4582210242587601,0.2425876010781671,0.40431266846361186,0.23719676549865226,0.11590296495956873,0.35309973045822096,0.21563342318059298,0.33153638814016173,37.1,11,77,29,37.66233766233766,2.0754716981132075,0.7816711590296496,0.14285714285714285,0.3793103448275862,2,2,2,0.1038961038961039,0.2,0.0,1577,1908,82.65199161425576,27664,8107,716,815,87.85276073619632,610,699,87.26752503576537,189,257,73.54085603112841,6,4.3,5.4,0.7,38,212,49,3,274,1908,1841,61,36,10,33,41,18,1,0,0,0,1577,6,42,142,3.8274932614555253,101,0,18,11,10,2,23,0.6199460916442048,17,0,4,0,2,0,92,62,33,40,19,39,57,68.42105263157895,18,61,4,57,42,132,30,0,2415,50,386,1373,689,120,2414,164,92,56.09756097560976,49,29.878048780487802,1559,8898,4319,106,58,27,71,64,1802,169,83.55,37,33,3,1,92,46,46,1.2398921832884096,68.3,42.8,25.4,0.6846361185983827,0,49,84,3,41,42,62,2,0,0,229,40,42,48.78048780487805,5,0,0.0,0.0,0.0,0.0,0.0,0.0033967391304347,0.0034411562284927
Julian Alvarez,2022-2023,22,2000,43,22,2322,25.9,16,2,18,14,2,2,0,0,9.6,8.8,1.9,10.7,51,42,121,0.6177606177606177,0.07722007722007722,0.694980694980695,0.5405405405405406,0.6177606177606177,0.37065637065637064,0.07335907335907337,0.444015444015444,0.3397683397683398,0.41312741312741313,25.9,16,72,35,48.61111111111111,2.77992277992278,1.3513513513513513,0.2222222222222222,0.45714285714285713,0,2,2,0.12222222222222223,3.4,3.2,488,624,78.2051282051282,6641,1017,293,342,85.67251461988305,121,160,75.625,33,49,67.3469387755102,2,1.9,2.3,-1.9,20,24,15,3,42,624,595,25,2,9,4,34,6,4,3,0,0,488,4,22,62,2.393822393822394,46,0,6,7,3,0,7,0.2702702702702703,3,0,1,1,2,0,30,23,6,13,11,9,32,28.125,23,21,0,21,2,32,9,0,830,9,66,319,454,110,829,42,21,50.0,17,40.476190476190474,513,2684,1167,51,23,25,39,31,626,121,54.0,22,12,21,7,67,18,49,1.8918918918918919,42.7,19.3,23.4,0.9034749034749034,0,36,17,9,34,2,23,2,0,0,65,10,32,23.809523809523807,28,0,1.0,1.0,1.0,0.0,1.0,0.0190217391304347,0.0192704748795595
Karim Benzema,2022-2023,34,1987,29,29,2516,27.9,23,4,27,15,8,9,1,0,21.5,14.9,5.8,20.7,72,138,157,0.8243727598566308,0.14336917562724016,0.967741935483871,0.5376344086021506,0.6810035842293907,0.7706093189964158,0.2078853046594982,0.9784946236559141,0.5340501792114696,0.7419354838709677,27.9,23,115,44,38.26086956521739,4.121863799283155,1.5770609318996416,0.2,0.5227272727272727,6,8,9,0.12956521739130436,-2.5,-2.9,924,1070,86.35514018691589,10990,2417,624,695,89.7841726618705,193,210,91.9047619047619,24,32,75.0,4,5.8,5.5,-2.8,48,71,51,0,138,1070,1012,52,4,9,7,5,4,9,0,0,0,924,6,25,102,3.655913978494624,86,1,6,7,2,0,7,0.2508960573476703,5,0,1,1,0,0,9,6,2,4,3,2,11,18.181818181818183,9,11,0,11,2,11,5,0,1284,7,56,457,776,175,1276,44,20,45.45454545454545,22,50.0,797,3737,1900,72,43,31,32,28,1092,157,86.75862068965517,29,22,0,0,58,22,36,1.2903225806451613,47.5,23.9,23.6,0.845878136200717,0,13,6,25,5,2,6,2,0,0,35,14,13,51.85185185185185,6,0,0.0,0.0,1.0,0.0,0.0,0.0040760869565217,0.0041293874741913
Kevin De Bruyne,2022-2023,30,1991,39,35,3014,33.5,8,20,28,8,0,0,1,0,5.8,5.8,14.6,20.4,109,274,267,0.23880597014925373,0.5970149253731343,0.835820895522388,0.23880597014925373,0.835820895522388,0.17313432835820894,0.43582089552238806,0.608955223880597,0.17313432835820894,0.608955223880597,33.5,8,82,25,30.48780487804878,2.4477611940298507,0.746268656716418,0.0975609756097561,0.32,8,0,0,0.07073170731707316,1.2,1.2,1285,1762,72.92849035187288,23972,7263,576,678,84.95575221238938,517,683,75.69546120058565,175,302,57.94701986754966,20,14.6,14.9,1.4,104,141,105,23,274,1762,1572,177,58,32,29,254,36,79,20,38,6,1285,13,49,187,5.582089552238806,126,36,8,8,6,3,31,0.9253731343283582,24,3,1,1,2,0,29,16,4,12,13,14,41,34.146341463414636,27,29,2,27,10,38,13,0,2027,13,117,818,1120,103,2027,69,36,52.17391304347826,22,31.88405797101449,1224,6297,3781,109,90,17,49,33,1558,267,77.28205128205128,35,20,4,5,82,26,56,1.671641791044776,63.400000000000006,24.0,39.400000000000006,1.1761194029850748,0,25,35,5,254,10,16,2,0,0,108,17,13,56.666666666666664,100,0,1.0,1.0,1.0,0.0,0.0,0.0679347826086956,0.0688231245698554
Khvicha Kvaratskhelia,2022-2023,21,2001,34,30,2518,28.0,12,10,22,10,2,2,1,0,8.2,6.6,7.7,14.2,139,91,291,0.42857142857142855,0.35714285714285715,0.7857142857142857,0.35714285714285715,0.7142857142857143,0.2928571428571428,0.275,0.5678571428571428,0.2357142857142857,0.5071428571428571,28.0,12,83,30,36.144578313253014,2.9642857142857144,1.0714285714285714,0.14457831325301204,0.4,3,2,2,0.07951807228915662,3.8,3.4,900,1136,79.22535211267606,12766,2560,570,623,91.49277688603532,225,301,74.75083056478405,63,118,53.38983050847458,10,7.7,6.6,2.3,54,41,46,8,91,1136,1083,49,9,14,15,76,18,22,8,3,0,900,4,22,136,4.857142857142857,90,3,20,13,8,2,24,0.8571428571428571,10,1,3,6,4,0,43,23,12,8,23,17,43,39.53488372093023,26,20,0,20,5,48,6,1,1548,8,110,486,976,175,1546,199,75,37.68844221105528,107,53.768844221105525,1054,6935,3699,139,62,84,63,48,1221,291,74.05882352941177,30,8,4,0,58,21,37,1.3214285714285714,49.9,23.1,26.8,0.9571428571428572,0,20,45,6,76,5,23,4,0,0,118,8,13,38.095238095238095,6,0,1.0,0.0,0.0,0.0,0.0,0.0040760869565217,0.0041293874741913
Kim Min-jae,2022-2023,25,1996,39,38,3358,37.3,2,2,4,2,0,0,5,0,1.1,1.1,1.9,3.0,45,189,10,0.05361930294906166,0.05361930294906166,0.10723860589812333,0.05361930294906166,0.10723860589812333,0.02949061662198392,0.05093833780160858,0.0804289544235925,0.02949061662198392,0.0804289544235925,37.3,2,10,3,30.0,0.2680965147453083,0.0804289544235925,0.2,0.6666666666666666,0,0,0,0.11000000000000001,0.9,0.9,2719,3003,90.54279054279054,49502,18537,1086,1155,94.02597402597402,1354,1437,94.2240779401531,234,324,72.22222222222221,2,1.9,1.0,0.1,10,220,9,2,189,3003,2945,53,49,2,36,8,3,0,0,0,0,2719,5,17,38,1.0187667560321716,34,0,0,2,0,2,3,0.0804289544235925,2,0,0,1,0,0,57,32,34,22,1,26,30,86.66666666666667,4,41,27,14,43,100,131,1,3355,327,1420,1824,125,30,3355,8,5,62.5,3,37.5,2097,9301,5434,45,27,2,14,7,2502,10,86.1025641025641,38,32,1,3,73,32,41,1.0991957104557641,59.8,33.699999999999996,26.1,0.6997319034852548,0,30,7,0,8,43,32,0,0,0,225,101,55,64.74358974358975,3,0,1.0,0.0,0.0,0.0,0.0,0.0020380434782608,0.0020646937370956
Kylian Mbappe,2022-2023,23,1998,42,39,3506,38.9,42,8,50,37,5,7,6,0,31.5,25.8,8.700000000000001,34.5,205,153,547,1.0796915167095116,0.20565552699228792,1.2853470437017995,0.9511568123393317,1.1568123393316196,0.8097686375321337,0.22365038560411316,1.033419023136247,0.6632390745501285,0.8868894601542416,38.9,42,173,84,48.554913294797686,4.447300771208226,2.159383033419023,0.24277456647398843,0.5,2,5,7,0.14913294797687862,5.5,6.199999999999999,1269,1584,80.11363636363636,17186,3782,787,912,86.29385964912281,347,432,80.32407407407408,54,90,60.0,8,8.700000000000001,10.7,-1.7,66,97,84,12,153,1584,1507,72,5,11,4,72,17,22,6,0,0,1269,5,41,189,4.858611825192802,124,4,26,23,12,0,34,0.8740359897172236,19,0,4,9,2,0,10,4,0,5,5,5,16,31.25,11,5,0,5,5,15,6,0,2093,10,54,693,1372,362,2086,253,99,39.130434782608695,132,52.17391304347826,1815,11695,5690,205,149,110,84,52,1840,547,83.47619047619048,39,33,3,0,96,40,56,1.4395886889460154,78.8,51.5,27.2,0.699228791773779,0,26,47,39,72,5,4,1,0,0,74,9,9,50.0,270,0,1.0,0.0,0.0,0.0,0.0,0.1834239130434782,0.1858224363386098
Lautaro Martinez,2022-2023,24,1997,49,34,3266,36.3,24,7,31,23,1,2,4,0,20.0,18.4,5.4,23.799999999999997,50,83,193,0.6611570247933884,0.1928374655647383,0.8539944903581268,0.6336088154269973,0.8264462809917356,0.5509641873278237,0.14876033057851243,0.699724517906336,0.5068870523415978,0.6556473829201102,36.3,24,152,60,39.473684210526315,4.187327823691461,1.6528925619834711,0.15789473684210525,0.4,0,1,2,0.12105263157894736,1.0,1.6,550,744,73.9247311827957,8014,1907,295,380,77.63157894736842,178,219,81.27853881278538,33,45,73.33333333333333,7,5.4,2.9,0.6,47,39,25,1,83,744,685,56,1,6,6,19,5,0,0,0,0,550,3,24,101,2.78236914600551,68,2,4,17,9,1,17,0.46831955922865015,9,0,1,4,2,1,25,16,3,15,7,7,23,30.434782608695656,16,32,2,30,17,39,16,1,1184,24,97,518,584,189,1182,77,31,40.25974025974026,34,44.15584415584416,686,3214,1436,50,36,24,84,54,867,193,66.65306122448979,34,20,15,1,67,46,21,0.578512396694215,58.7,29.5,29.200000000000003,0.8044077134986227,0,55,75,20,19,17,16,1,0,0,108,46,48,48.93617021276596,4,0,0.0,0.0,1.0,0.0,1.0,0.0027173913043478,0.0027529249827942
Lionel Messi,2022-2023,34,1987,40,40,3617,40.2,23,19,42,19,4,5,1,0,22.1,18.2,15.9,34.1,143,366,257,0.572139303482587,0.47263681592039797,1.044776119402985,0.47263681592039797,0.9452736318407959,0.5497512437810945,0.39552238805970147,0.9452736318407959,0.45273631840796014,0.8482587064676617,40.2,23,160,68,42.5,3.980099502487562,1.6915422885572138,0.14375,0.3382352941176471,23,4,5,0.11374999999999999,0.9,0.8,1941,2421,80.17348203221809,30008,10328,1078,1216,88.65131578947368,588,707,83.16831683168317,181,282,64.18439716312056,19,15.9,18.1,3.1,114,261,138,2,366,2421,2190,201,57,62,15,113,2,116,39,48,0,1941,30,77,240,5.970149253731343,156,35,21,11,14,3,40,0.9950248756218905,31,2,4,1,2,0,31,21,2,16,13,11,29,37.93103448275862,18,13,0,13,2,33,0,0,2863,6,118,1407,1377,200,2858,218,117,53.669724770642205,83,38.07339449541284,2401,13710,6224,143,164,50,66,101,2422,257,90.425,40,35,0,0,93,41,52,1.2935323383084576,79.8,43.5,36.3,0.9029850746268655,0,18,59,9,113,2,21,1,0,0,97,3,10,23.076923076923077,462,1,1.0,0.0,0.0,0.0,1.0,0.3138586956521739,0.3179628355127323
Luka Modric,2022-2023,36,1985,44,29,2695,30.0,4,5,9,3,1,1,8,0,4.6000000000000005,3.8,5.2,9.1,71,264,108,0.13333333333333333,0.16666666666666666,0.3,0.1,0.26666666666666666,0.15333333333333335,0.17333333333333334,0.3266666666666667,0.12666666666666665,0.30333333333333334,30.0,4,40,9,22.5,1.3333333333333333,0.3,0.1,0.4444444444444444,1,1,1,0.095,-0.6000000000000001,-0.8,1801,2072,86.92084942084942,28789,9308,969,1030,94.07766990291262,587,669,87.74289985052317,172,250,68.8,5,5.2,5.0,-2.2,48,204,32,6,264,2072,1912,157,74,7,29,107,10,63,29,17,0,1801,3,33,106,3.533333333333333,89,11,2,2,2,0,9,0.3,6,2,0,0,1,0,35,25,10,17,8,17,39,43.58974358974359,22,19,7,12,24,55,10,0,2294,27,303,1279,732,58,2293,63,25,39.682539682539684,26,41.269841269841265,1554,8138,3766,71,64,20,43,26,1809,108,61.25,29,9,15,1,55,29,26,0.8666666666666667,40.1,31.0,9.1,0.30333333333333334,0,38,32,5,107,24,25,0,0,0,137,14,18,43.75,19,0,0.0,0.0,1.0,0.0,0.0,0.0129076086956521,0.0130763936682725
Martin Odegaard,2022-2023,23,1998,38,37,3144,34.900000000000006,15,7,22,15,0,0,4,0,9.9,9.9,8.1,18.0,83,266,193,0.42979942693409734,0.20057306590257876,0.6303724928366761,0.42979942693409734,0.6303724928366761,0.2836676217765043,0.23209169054441256,0.5157593123209169,0.2836676217765043,0.5157593123209169,34.900000000000006,15,93,31,33.33333333333333,2.6647564469914036,0.8882521489971346,0.16129032258064516,0.4838709677419355,9,0,0,0.10645161290322581,5.1,5.1,1449,1804,80.32150776053216,22540,6014,759,873,86.94158075601375,518,617,83.9546191247974,110,175,62.857142857142854,7,8.1,7.9,-1.1,76,135,91,4,266,1804,1683,110,79,23,9,91,13,18,9,6,1,1449,11,45,162,4.641833810888252,122,15,4,12,6,3,17,0.487106017191977,15,0,0,2,0,0,36,23,12,14,10,14,47,29.78723404255319,33,20,5,15,6,42,12,1,2100,27,199,864,1060,122,2100,83,48,57.831325301204814,29,34.93975903614458,1284,6930,3022,83,60,26,42,45,1550,193,82.73684210526316,37,14,1,1,82,38,44,1.2607449856733521,66.8,37.5,29.3,0.8395415472779368,0,31,26,1,91,6,23,0,0,0,178,13,20,39.39393939393939,0,0,0.0,0.0,0.0,0.0,0.0,0.0,0.0
Mohamed Salah,2022-2023,30,1992,41,39,3489,38.8,20,13,33,18,2,4,2,0,21.6,18.5,7.2,25.7,120,149,421,0.5154639175257733,0.3350515463917526,0.8505154639175259,0.4639175257731959,0.7989690721649485,0.5567010309278352,0.18556701030927836,0.7422680412371134,0.47680412371134023,0.6623711340206185,38.8,20,126,47,37.301587301587304,3.2474226804123716,1.2113402061855671,0.15873015873015872,0.425531914893617,2,2,4,0.14682539682539683,-2.6,-1.5,902,1185,76.11814345991561,12538,3403,533,648,82.25308641975309,283,352,80.39772727272727,38,66,57.57575757575758,13,7.2,7.2,4.8,65,53,80,7,149,1185,1146,29,4,14,3,39,17,0,0,0,0,902,10,40,140,3.6082474226804124,106,2,12,12,6,2,24,0.6185567010309279,17,1,0,2,3,1,21,12,4,5,12,10,26,38.46153846153847,16,21,0,21,7,27,4,0,1634,4,83,539,1028,301,1630,135,51,37.77777777777778,72,53.333333333333336,1108,6393,3036,120,66,87,110,79,1305,421,85.09756097560975,39,30,2,0,77,49,28,0.7216494845360826,69.6,46.7,22.8,0.5876288659793815,0,22,37,24,39,7,12,0,0,0,100,8,30,21.052631578947366,13,0,0.0,0.0,0.0,0.0,0.0,0.0088315217391304,0.0089470061940812
Nicolo Barella,2022-2023,25,1997,39,35,2950,32.7,6,8,14,6,0,0,6,0,3.2,3.2,5.6,8.8,76,214,162,0.18348623853211007,0.24464831804281342,0.4281345565749235,0.18348623853211007,0.4281345565749235,0.09785932721712538,0.17125382262996938,0.2691131498470948,0.09785932721712538,0.2691131498470948,32.7,6,35,14,40.0,1.0703363914373087,0.4281345565749235,0.17142857142857143,0.42857142857142855,1,0,0,0.09142857142857143,2.8,2.8,1306,1601,81.5740162398501,21320,6648,684,773,88.48641655886158,486,564,86.17021276595744,102,177,57.6271186440678,8,5.6,4.1,0.4,55,150,50,15,214,1601,1566,29,13,6,16,93,8,6,0,2,0,1306,6,30,121,3.7003058103975532,103,4,5,2,6,1,13,0.39755351681957185,11,0,2,0,0,0,49,27,17,26,6,28,53,52.83018867924528,25,29,5,24,14,61,12,0,1892,43,303,962,656,57,1892,70,40,57.14285714285714,17,24.285714285714285,1253,7327,3430,76,69,10,52,39,1426,162,75.64102564102564,35,20,4,2,56,33,23,0.7033639143730887,53.1,27.3,25.7,0.7859327217125381,0,35,52,10,93,14,27,0,0,0,178,20,15,57.14285714285714,0,0,0.0,0.0,1.0,0.0,0.0,0.0,0.0
Randal Kolo Muani,2022-2023,23,1998,41,37,3245,36.0,22,14,36,19,3,3,7,1,14.3,12.7,6.5,19.200000000000003,99,62,250,0.6111111111111112,0.3888888888888889,1.0,0.5277777777777778,0.9166666666666666,0.39722222222222225,0.18055555555555555,0.5777777777777778,0.35277777777777775,0.5333333333333334,36.0,22,95,40,42.10526315789473,2.638888888888889,1.1111111111111112,0.23157894736842105,0.55,0,3,3,0.1336842105263158,1.7,1.2999999999999998,444,692,64.16184971098265,5779,1248,282,401,70.32418952618454,115,166,69.27710843373494,18,34,52.94117647058824,14,6.5,5.8,4.5,41,27,23,2,62,692,664,23,0,4,3,28,1,0,0,0,0,444,5,38,106,2.9444444444444446,60,0,20,12,14,0,23,0.6388888888888888,13,0,4,2,4,0,21,19,4,6,11,4,12,33.33333333333333,8,20,2,18,4,25,14,0,1132,18,58,455,640,206,1130,171,74,43.27485380116959,73,42.69005847953216,669,4760,2392,99,55,68,116,71,872,250,79.14634146341463,37,17,4,4,67,47,20,0.5555555555555556,49.1,38.0,11.1,0.30833333333333335,1,61,88,24,28,4,19,4,0,0,104,69,84,45.09803921568628,0,0,0.0,0.0,0.0,0.0,0.0,0.0,0.0
Robert Lewandowski,2022-2023,33,1988,41,40,3477,38.6,27,8,35,26,1,3,4,1,27.2,24.9,6.7,31.6,56,110,265,0.699481865284974,0.20725388601036268,0.9067357512953368,0.6735751295336787,0.8808290155440415,0.7046632124352331,0.17357512953367876,0.8782383419689118,0.6450777202072538,0.8186528497409327,38.6,27,152,63,41.44736842105263,3.937823834196891,1.6321243523316062,0.17763157894736842,0.42857142857142855,6,1,3,0.1638157894736842,-2.2,-0.9,663,884,75.0,9165,1846,405,487,83.16221765913757,185,241,76.76348547717843,33,52,63.46153846153846,8,6.7,5.7,1.2999999999999998,40,58,32,2,110,884,857,14,4,16,6,25,0,0,0,0,0,663,13,30,105,2.7202072538860103,75,1,10,13,6,0,20,0.5181347150259067,12,0,3,5,0,0,19,15,2,7,10,7,17,41.17647058823529,10,23,1,22,3,22,22,0,1309,26,54,505,764,231,1306,71,35,49.29577464788733,33,46.478873239436616,865,4130,1491,56,42,28,110,56,1111,265,84.8048780487805,40,34,1,0,71,29,42,1.088082901554404,71.0,33.4,37.599999999999994,0.9740932642487045,1,48,59,25,25,3,15,1,0,0,72,68,62,52.307692307692314,12,0,1.0,0.0,0.0,0.0,0.0,0.0081521739130434,0.0082587749483826
Rodri,2022-2023,26,1995,83,68,5839,64.8,7,11,18,6,1,1,9,0,6.0,6.0,6.5,12.499999999999998,146,399,144,0.1080246913580247,0.1697530864197531,0.2777777777777778,0.0925925925925926,0.2623456790123457,0.0925925925925926,0.10030864197530864,0.19290123456790123,0.0925925925925926,0.1929012345679012,64.8,7,79,23,29.11392405063291,1.2191358024691359,0.3549382716049383,0.08860759493670886,0.30434782608695654,0,1,1,0.0759493670886076,-2.0,-2.0,4097,4534,90.36171151301279,73443,18036,1671,1795,93.09192200557102,1927,2078,92.73339749759384,402,497,80.88531187122736,11,6.5,5.8,2.5,58,363,69,9,399,4534,4453,73,54,8,34,57,14,2,1,0,0,4097,8,44,159,2.4537037037037037,138,1,7,9,3,1,18,0.2777777777777778,16,0,0,1,1,0,88,61,36,38,14,36,72,50.0,36,53,16,37,55,137,54,1,4999,153,984,2984,1065,118,4999,108,54,50.0,39,36.11111111111111,3259,16934,9362,146,119,22,56,39,3934,144,70.34939759036145,68,35,15,10,132,56,76,1.1728395061728396,95.5,50.49999999999999,44.900000000000006,0.6929012345679013,0,67,69,7,57,55,61,1,0,0,438,90,49,64.74820143884892,57,0,1.0,1.0,1.0,0.0,0.0,0.0387228260869565,0.0392291810048176
Ruben Dias,2022-2023,25,1997,33,29,2600,28.9,0,0,0,0,0,0,4,0,1.3,1.3,0.6,1.9,14,110,2,0.0,0.0,0.0,0.0,0.0,0.04498269896193772,0.020761245674740483,0.0657439446366782,0.04498269896193772,0.0657439446366782,28.9,0,13,3,23.076923076923077,0.44982698961937717,0.10380622837370243,0.0,0.0,0,0,0,0.1,-1.3,-1.3,2176,2354,92.43840271877654,40195,14068,782,816,95.83333333333334,1210,1264,95.72784810126582,166,240,69.16666666666667,0,0.6,0.3,-0.6,3,148,0,0,110,2354,2284,70,54,1,8,1,8,0,0,0,0,2176,0,8,17,0.5882352941176471,12,1,0,3,0,1,1,0.03460207612456748,1,0,0,0,0,0,25,19,12,12,1,11,19,57.89473684210527,8,23,13,10,23,46,65,1,2530,198,1026,1426,86,24,2530,10,8,80.0,1,10.0,1704,9113,5547,14,23,1,3,5,2007,2,78.78787878787878,29,25,4,9,85,21,64,2.2145328719723185,53.6,21.7,31.9,1.1038062283737025,0,24,11,0,1,23,19,0,0,0,114,49,31,61.25000000000001,0,0,1.0,1.0,1.0,0.0,0.0,0.0,0.0
Victor Osimhen,2022-2023,23,1998,33,30,2585,28.7,26,4,30,24,2,3,4,0,21.3,18.9,2.8,21.8,43,28,196,0.9059233449477352,0.13937282229965156,1.0452961672473868,0.8362369337979094,0.975609756097561,0.7421602787456446,0.09756097560975609,0.8397212543554008,0.6585365853658536,0.7595818815331011,28.7,26,135,54,40.0,4.70383275261324,1.8815331010452963,0.1925925925925926,0.48148148148148145,1,2,3,0.13999999999999999,4.7,5.1,276,400,69.0,3890,582,158,199,79.39698492462311,71,108,65.74074074074075,21,29,72.41379310344827,4,2.8,1.7,1.2,34,20,10,2,28,400,383,17,0,1,3,19,9,0,0,0,0,276,0,27,80,2.7874564459930316,54,0,5,11,8,2,9,0.31358885017421606,6,0,0,1,2,0,10,6,1,2,7,0,7,0.0,7,6,1,5,6,16,29,0,789,31,45,224,537,232,786,75,25,33.33333333333333,36,48.0,469,2589,836,43,23,27,96,49,594,196,78.33333333333333,30,13,3,0,59,17,42,1.4634146341463414,49.0,20.0,29.1,1.0139372822299653,0,40,38,32,19,6,6,2,1,0,58,65,54,54.621848739495796,24,0,1.0,0.0,0.0,0.0,0.0,0.0163043478260869,0.0165175498967653
Vinicius Junior,2022-2023,21,2000,42,41,3597,40.0,14,14,28,14,0,0,15,1,11.5,11.5,10.1,21.6,239,91,537,0.35,0.35,0.7,0.35,0.7,0.2875,0.2525,0.54,0.2875,0.54,40.0,14,98,43,43.87755102040816,2.45,1.075,0.14285714285714285,0.32558139534883723,0,0,0,0.11734693877551021,-0.5,-0.5,951,1243,76.50844730490748,12578,2568,627,717,87.44769874476988,224,290,77.24137931034483,45,78,57.692307692307686,14,10.1,9.6,0.9,72,35,48,2,91,1243,1195,43,8,5,10,84,26,7,0,0,0,951,5,65,177,4.425,115,2,28,13,18,1,25,0.625,15,0,4,5,0,1,33,27,11,13,9,14,41,34.146341463414636,27,29,2,27,7,39,1,0,1843,6,106,486,1273,279,1843,321,117,36.44859813084112,161,50.155763239875384,1453,11644,6153,239,108,147,111,72,1566,537,85.64285714285714,41,26,1,1,77,37,40,1.0,65.8,33.300000000000004,32.5,0.8125,0,53,155,28,84,7,27,1,0,0,110,2,6,25.0,49,0,0.0,0.0,1.0,0.0,0.0,0.0332880434782608,0.0337233310392291
Ilkay Gundogan,2022-2023,31,1990,37,33,2796,31.0,11,4,15,10,1,2,1,0,8.6,7.1000000000000005,3.4,10.5,56,194,130,0.3548387096774194,0.12903225806451613,0.4838709677419355,0.3225806451612903,0.45161290322580644,0.27741935483870966,0.10967741935483871,0.3870967741935484,0.22903225806451616,0.3387096774193548,31.0,11,61,24,39.34426229508197,1.967741935483871,0.7741935483870968,0.18032786885245902,0.4583333333333333,5,1,2,0.11639344262295083,0.4,0.9,1524,1746,87.2852233676976,23827,5600,824,905,91.04972375690608,548,600,91.33333333333333,110,145,75.86206896551724,4,3.4,4.7,0.6,38,161,39,1,194,1746,1683,60,28,19,7,35,5,21,7,4,1,1524,3,31,96,3.096774193548387,77,7,2,4,4,2,17,0.5483870967741935,13,1,0,1,2,0,33,22,8,15,10,12,35,34.285714285714285,23,20,3,17,23,54,14,0,1994,33,260,1093,651,94,1992,44,18,40.909090909090914,18,40.909090909090914,1183,6152,3005,56,51,8,32,28,1567,130,75.56756756756756,33,19,4,10,79,22,57,1.8387096774193548,64.89999999999999,20.7,44.2,1.4258064516129034,0,28,29,8,35,23,22,2,0,0,173,22,14,61.111111111111114,8,0,1.0,1.0,1.0,0.0,0.0,0.0054347826086956,0.0055058499655884
Ademola Lookman,2023-2024,25,1997,41,30,2619,29.1,15,9,24,15,0,0,4,0,9.1,9.1,5.2,14.3,72,97,222,0.5154639175257731,0.30927835051546393,0.8247422680412371,0.5154639175257731,0.8247422680412371,0.3127147766323024,0.17869415807560138,0.49140893470790376,0.3127147766323024,0.49140893470790376,29.1,15,83,30,36.144578313253014,2.852233676975945,1.0309278350515463,0.18072289156626506,0.5,0,0,0,0.10963855421686747,1.9,1.9,635,838,75.77565632458234,9115,2499,376,441,85.26077097505669,201,247,81.37651821862349,29,74,39.189189189189186,9,5.2,4.8,1.8,50,46,32,2,97,838,759,79,6,6,4,103,8,52,20,17,0,635,0,28,101,3.4707903780068725,65,10,16,4,4,2,14,0.4810996563573883,9,1,2,1,1,0,20,25,2,11,7,8,22,36.36363636363637,14,19,0,19,10,29,0,1,1109,2,54,458,607,129,1109,87,39,44.827586206896555,37,42.5287356321839,699,4257,1972,72,42,35,66,42,866,222,63.8780487804878,30,7,11,1,43,31,12,0.41237113402061853,27.6,21.1,6.5,0.2233676975945017,0,51,52,15,103,10,25,1,0,0,89,18,21,46.15384615384615,82,0,0.0,0.0,0.0,0.0,0.0,0.012362430272878,0.0124148372445117
Antonio Rudiger,2023-2024,30,1993,34,31,2829,31.4,1,0,1,1,0,0,7,0,1.5,1.5,1.2,2.6,17,88,1,0.03184713375796178,0.0,0.03184713375796178,0.03184713375796178,0.03184713375796178,0.04777070063694268,0.03821656050955414,0.08598726114649682,0.04777070063694268,0.08280254777070065,31.4,1,22,3,13.636363636363635,0.7006369426751593,0.09554140127388536,0.045454545454545456,0.3333333333333333,0,0,0,0.06818181818181818,-0.5,-0.5,1630,1815,89.80716253443526,30058,11111,625,654,95.565749235474,860,908,94.7136563876652,130,219,59.3607305936073,0,1.2,1.0,-1.2,5,90,11,2,88,1815,1761,50,30,3,10,5,9,0,0,0,0,1630,4,9,21,0.6687898089171975,16,0,0,5,0,0,5,0.15923566878980894,4,0,0,1,0,0,26,15,18,4,4,16,20,80.0,4,27,20,7,11,37,89,0,2022,275,1000,964,65,25,2022,3,1,33.33333333333333,2,66.66666666666666,1337,6743,4149,17,10,1,4,2,1525,1,83.20588235294117,31,29,3,2,67,27,40,1.2738853503184715,54.3,28.0,26.3,0.8375796178343949,0,26,6,1,5,11,15,0,0,0,124,49,23,68.05555555555556,13,0,1.0,1.0,0.0,0.0,0.0,0.0019598974822855,0.0019682059046177
Artem Dovbyk,2023-2024,26,1997,39,32,2664,29.6,24,10,34,17,7,8,2,0,24.2,17.9,6.2,24.1,18,26,118,0.8108108108108107,0.33783783783783783,1.1486486486486487,0.5743243243243243,0.9121621621621622,0.8175675675675675,0.20945945945945946,1.027027027027027,0.6047297297297296,0.8141891891891891,29.6,24,80,36,45.0,2.7027027027027026,1.2162162162162162,0.3,0.6666666666666666,1,7,8,0.22374999999999998,-0.2,-0.9,277,392,70.66326530612244,3272,471,186,235,79.14893617021276,62,89,69.66292134831461,5,6,83.33333333333334,10,6.2,3.7,1.8,27,9,10,0,26,392,359,28,0,2,2,1,0,0,0,0,0,277,5,16,57,1.9256756756756757,41,0,6,8,2,0,13,0.43918918918918914,9,0,1,3,0,0,4,3,2,1,1,0,2,0.0,2,8,1,7,0,4,17,0,606,19,36,230,341,185,598,25,17,68.0,8,32.0,351,1294,449,18,7,16,50,39,487,118,68.3076923076923,32,10,7,1,70,36,34,1.1486486486486487,56.5,38.9,17.6,0.5945945945945946,0,27,13,34,1,0,3,0,0,0,24,39,40,49.36708860759494,0,0,0.0,0.0,0.0,0.0,0.0,0.0,0.0
Bukayo Saka,2023-2024,21,2001,36,36,3009,33.4,16,9,25,10,6,6,4,0,15.5,10.8,10.5,21.2,155,126,508,0.47904191616766467,0.2694610778443114,0.7485029940119761,0.29940119760479045,0.5688622754491018,0.46407185628742514,0.31437125748503,0.7784431137724551,0.3233532934131737,0.6347305389221557,33.4,16,107,32,29.906542056074763,3.2035928143712575,0.9580838323353293,0.14953271028037382,0.5,0,6,6,0.10093457943925234,0.5,-0.8,1143,1512,75.59523809523809,16891,4402,705,793,88.9029003783102,331,427,77.51756440281031,80,183,43.71584699453552,9,10.5,11.0,-1.5,91,39,73,12,126,1512,1365,138,7,4,3,185,12,119,99,0,0,1143,9,50,188,5.62874251497006,137,26,10,9,4,2,21,0.62874251497006,16,2,1,1,1,0,66,36,22,24,20,26,59,44.06779661016949,33,43,2,41,15,81,24,1,1952,37,182,474,1310,271,1946,122,49,40.16393442622951,54,44.26229508196721,1223,7180,3728,155,68,72,56,53,1393,508,83.58333333333333,36,18,0,0,78,29,49,1.4670658682634732,66.4,25.0,41.3,1.2365269461077844,0,42,70,8,185,15,36,1,0,0,155,23,36,38.983050847457626,14,0,0.0,0.0,0.0,0.0,0.0,0.0021106588270767,0.002119606358819
Cole Palmer,2023-2024,21,2002,40,34,3060,34.0,23,13,36,14,9,9,7,0,18.2,11.1,11.1,22.2,117,197,195,0.6764705882352942,0.38235294117647056,1.0588235294117647,0.4117647058823529,0.7941176470588235,0.5352941176470588,0.3264705882352941,0.8617647058823529,0.3264705882352941,0.6529411764705882,34.0,23,121,44,36.36363636363637,3.5588235294117645,1.2941176470588236,0.19008264462809918,0.5227272727272727,11,9,9,0.09173553719008264,3.8,1.9,1125,1420,79.22535211267606,18673,5642,576,638,90.28213166144201,409,482,84.85477178423237,101,186,54.3010752688172,13,11.1,8.7,-0.1,72,136,69,5,197,1420,1299,111,23,27,14,92,22,55,24,12,0,1125,10,37,162,4.764705882352941,116,12,14,10,5,5,26,0.7647058823529411,20,0,1,2,1,2,23,14,9,6,8,8,19,42.10526315789473,11,20,2,18,23,43,13,2,1760,22,183,746,854,126,1751,104,52,50.0,46,44.230769230769226,1154,7271,3496,117,66,46,58,44,1368,195,76.5,34,17,6,2,77,49,28,0.8235294117647058,58.6,45.2,13.5,0.39705882352941174,0,26,29,7,92,23,14,1,0,0,105,1,4,20.0,7,0,0.0,0.0,0.0,0.0,0.0,0.0010553294135383,0.0010598031794095
Dani Carvajal,2023-2024,31,1992,29,26,2291,25.4,4,3,7,4,0,0,6,1,1.7,1.7,2.7,4.4,30,82,168,0.15748031496062992,0.11811023622047245,0.2755905511811024,0.15748031496062992,0.2755905511811024,0.06692913385826772,0.10629921259842522,0.17322834645669294,0.06692913385826772,0.17322834645669294,25.4,4,18,10,55.55555555555556,0.7086614173228347,0.3937007874015748,0.2222222222222222,0.4,0,0,0,0.09444444444444444,2.3,2.3,1265,1475,85.76271186440678,19955,4535,679,744,91.26344086021506,486,552,88.04347826086956,76,111,68.46846846846847,3,2.7,3.1,0.3,21,52,26,5,82,1475,1284,190,37,3,3,52,153,0,0,0,0,1265,1,34,44,1.7322834645669292,41,0,1,0,2,0,7,0.2755905511811024,6,0,0,0,1,0,47,36,28,15,4,23,42,54.761904761904766,19,28,9,19,22,69,54,4,1697,101,465,726,527,59,1697,22,9,40.909090909090914,11,50.0,939,3864,1903,30,37,9,22,18,1126,168,79.0,26,19,3,6,57,17,40,1.5748031496062993,44.7,21.7,23.0,0.9055118110236221,1,25,21,2,52,22,36,0,0,0,120,21,19,52.5,550,0,1.0,1.0,0.0,1.0,0.0,0.0829187396351575,0.0832702498107494
Dani Olmo,2023-2024,25,1998,21,17,1449,16.1,4,5,9,4,0,0,0,0,3.3,3.3,5.4,8.8,60,68,111,0.24844720496894407,0.3105590062111801,0.5590062111801242,0.24844720496894407,0.5590062111801242,0.20496894409937885,0.3354037267080745,0.5403726708074533,0.20496894409937885,0.546583850931677,16.1,4,45,13,28.888888888888886,2.795031055900621,0.8074534161490683,0.08888888888888889,0.3076923076923077,3,0,0,0.07333333333333333,0.7,0.7,511,657,77.77777777777779,8589,2309,256,306,83.66013071895425,187,226,82.7433628318584,52,74,70.27027027027027,5,5.4,3.7,-0.4,32,60,21,7,68,657,639,13,9,9,9,21,4,0,0,0,0,511,5,21,61,3.7888198757763973,44,0,3,9,3,2,8,0.49689440993788814,8,0,0,0,0,0,26,18,14,8,4,10,22,45.45454545454545,12,7,0,7,13,39,12,1,854,18,116,419,329,59,854,72,31,43.05555555555556,38,52.77777777777778,544,3571,1925,60,49,18,28,26,651,111,69.0,17,7,4,0,41,20,21,1.3043478260869563,27.3,18.0,9.3,0.577639751552795,0,15,17,1,21,13,18,0,0,0,75,11,19,36.666666666666664,86,0,0.0,0.0,0.0,1.0,0.0,0.0129654756520428,0.0130204390613171
Declan Rice,2023-2024,24,1999,39,38,3315,36.8,7,8,15,7,0,0,5,0,3.3,3.3,5.3,8.6,75,278,64,0.19021739130434784,0.2173913043478261,0.40760869565217395,0.19021739130434784,0.40760869565217395,0.08967391304347826,0.14402173913043478,0.23369565217391305,0.08967391304347826,0.23369565217391305,36.8,7,59,21,35.59322033898305,1.6032608695652175,0.5706521739130436,0.11864406779661017,0.3333333333333333,2,0,0,0.05593220338983051,3.7,3.7,2041,2295,88.93246187363835,34242,9378,958,1031,92.91949563530552,910,975,93.33333333333333,137,210,65.23809523809524,8,5.3,4.8,2.7,47,240,39,2,278,2295,2181,107,48,2,17,60,1,47,38,0,0,2041,7,26,100,2.717391304347826,71,16,3,5,0,5,12,0.32608695652173914,6,5,0,1,0,0,83,54,37,38,8,32,57,56.14035087719298,25,37,11,26,45,127,52,0,2650,100,581,1398,696,67,2650,46,21,45.65217391304348,20,43.47826086956522,1675,10194,5139,75,70,16,31,22,1928,64,85.0,38,30,1,0,84,30,54,1.4673913043478262,71.6,26.5,45.1,1.2255434782608696,0,35,14,2,60,45,54,0,2,0,178,39,43,47.5609756097561,5,0,0.0,0.0,0.0,0.0,0.0,0.0007538067239559,0.0007570022710068
Erling Haaland,2023-2024,23,2000,34,32,2804,31.2,32,5,37,25,7,8,1,0,29.2,22.9,4.3,27.2,35,26,126,1.0256410256410258,0.16025641025641027,1.185897435897436,0.8012820512820513,0.9615384615384616,0.9358974358974359,0.13782051282051283,1.0737179487179487,0.7339743589743589,0.8717948717948718,31.2,32,127,57,44.881889763779526,4.07051282051282,1.8269230769230769,0.25196850393700787,0.5614035087719298,1,7,8,0.18031496062992125,-2.2,-2.9,295,388,76.03092783505154,3234,567,197,242,81.40495867768594,56,70,80.0,5,8,62.5,5,4.3,2.2,0.7,29,16,11,0,26,388,375,12,1,2,0,8,1,0,0,0,0,295,1,17,59,1.891025641025641,39,0,3,10,6,1,11,0.3525641025641026,5,0,1,3,2,0,6,3,0,3,3,2,3,66.66666666666666,1,11,1,10,2,8,16,0,636,15,36,206,398,183,628,30,12,40.0,16,53.333333333333336,357,1628,728,35,13,22,41,19,489,126,82.47058823529412,32,21,2,1,74,29,45,1.4423076923076923,59.5,26.2,33.4,1.0705128205128205,0,21,36,8,8,2,3,2,0,0,47,39,42,48.148148148148145,432,0,1.0,0.0,0.0,0.0,0.0,0.0651289009497964,0.0654049962149886
Federico Valverde,2023-2024,25,1998,39,34,3008,33.5,2,7,9,2,0,0,2,0,3.5,3.5,5.8,9.3,104,231,102,0.05970149253731343,0.208955223880597,0.26865671641791045,0.05970149253731343,0.26865671641791045,0.1044776119402985,0.17313432835820894,0.2776119402985075,0.1044776119402985,0.2776119402985075,33.5,2,57,19,33.33333333333333,1.7014925373134329,0.5671641791044776,0.03508771929824561,0.10526315789473684,1,0,0,0.06140350877192982,-1.5,-1.5,1901,2117,89.79688238072745,29049,7780,1109,1169,94.86740804106074,612,675,90.66666666666666,126,185,68.10810810810811,7,5.8,3.4,1.2,49,229,41,4,231,2117,2077,31,23,14,33,30,5,0,0,0,0,1901,9,18,119,3.5522388059701493,110,0,3,3,1,2,14,0.417910447761194,12,0,0,2,0,0,47,36,22,13,12,24,42,57.14285714285714,18,39,2,37,44,90,40,0,2448,77,384,1382,708,69,2448,44,22,50.0,21,47.72727272727273,1610,9227,5027,104,102,15,28,12,1925,102,77.12820512820512,34,22,5,1,78,25,53,1.5820895522388059,60.1,30.3,29.8,0.8895522388059701,0,20,15,0,30,44,36,0,0,0,160,21,10,67.74193548387096,58,0,1.0,1.0,0.0,0.0,0.0,0.0087441579978893,0.008781226343679
Florian Wirtz,2023-2024,20,2003,38,31,2754,30.6,14,15,29,12,2,2,3,0,8.9,8.2,7.5,15.7,138,224,306,0.45751633986928103,0.49019607843137253,0.9477124183006536,0.39215686274509803,0.8823529411764706,0.2908496732026144,0.24509803921568626,0.5359477124183006,0.2679738562091503,0.5130718954248366,30.6,14,81,40,49.382716049382715,2.6470588235294117,1.3071895424836601,0.1728395061728395,0.35,1,2,2,0.10123456790123456,2.1,1.8,1540,1855,83.01886792452831,20304,5621,1003,1124,89.23487544483986,395,462,85.4978354978355,62,98,63.26530612244898,15,7.5,9.7,3.5,73,95,82,7,224,1855,1764,77,13,23,7,47,35,22,6,1,0,1540,14,54,166,5.424836601307189,128,8,15,4,9,2,24,0.7843137254901961,18,2,4,0,0,0,27,20,7,14,6,9,29,31.03448275862069,20,36,2,34,10,36,3,0,2252,7,146,906,1229,170,2251,162,79,48.76543209876543,74,45.67901234567901,1384,7896,4152,138,108,45,83,79,1815,306,72.47368421052632,31,9,7,0,87,21,66,2.156862745098039,55.3,22.7,32.7,1.0686274509803921,0,26,29,7,47,10,20,0,0,0,143,9,15,37.5,101,0,1.0,0.0,1.0,0.0,0.0,0.0152268958239107,0.0152914458743376
Granit Xhaka,2023-2024,30,1992,39,37,3257,36.1,4,0,4,4,0,0,5,0,1.8,1.8,2.7,4.5,60,392,53,0.11080332409972299,0.0,0.11080332409972299,0.11080332409972299,0.11080332409972299,0.04986149584487535,0.07479224376731303,0.12465373961218836,0.04986149584487535,0.12465373961218836,36.1,4,49,16,32.6530612244898,1.3573407202216066,0.44321329639889195,0.08163265306122448,0.25,0,0,0,0.036734693877551024,1.2,1.2,3020,3292,91.73754556500607,47359,13206,1681,1777,94.59763646595385,1063,1138,93.40949033391915,208,258,80.62015503875969,0,2.7,5.9,-2.7,41,370,54,0,392,3292,3221,65,39,12,17,12,17,0,0,0,0,3020,6,27,121,3.3518005540166205,110,1,2,6,2,0,11,0.3047091412742382,11,0,0,0,0,0,29,27,11,14,4,9,30,30.0,21,29,8,21,21,48,42,0,3558,94,485,2291,797,17,3558,28,16,57.14285714285714,9,32.142857142857146,2164,9461,4933,60,67,4,31,30,2955,53,83.51282051282051,37,27,2,0,96,24,72,1.9944598337950137,65.2,26.9,38.3,1.0609418282548475,0,32,50,0,12,21,27,0,0,0,226,26,22,54.166666666666664,60,0,1.0,0.0,1.0,0.0,0.0,0.0090456806874717,0.0090840272520817
Hakan Calhanoglu,2023-2024,29,1994,32,32,2556,28.4,13,3,16,3,10,10,5,0,10.1,2.3,4.7,7.0,45,186,34,0.45774647887323944,0.10563380281690142,0.5633802816901409,0.10563380281690142,0.21126760563380284,0.35563380281690143,0.16549295774647887,0.5211267605633804,0.08098591549295775,0.24647887323943662,28.4,13,52,13,25.0,1.8309859154929577,0.45774647887323944,0.25,1.0,12,10,10,0.044230769230769226,2.9,0.7,2045,2316,88.29879101899827,37372,11241,885,934,94.75374732334048,853,933,91.42550911039658,258,364,70.87912087912088,3,4.7,5.8,-1.7,52,194,39,12,186,2316,2097,210,92,4,35,153,4,113,52,47,0,2045,9,18,107,3.767605633802817,63,39,0,4,0,1,10,0.35211267605633806,7,3,0,0,0,0,66,33,29,29,8,32,49,65.3061224489796,17,29,13,16,24,90,22,0,2591,81,632,1389,586,26,2581,15,7,46.666666666666664,7,46.666666666666664,1604,7646,3868,45,65,1,27,7,1878,34,79.875,32,12,0,4,59,19,40,1.4084507042253522,56.5,23.2,33.3,1.1725352112676055,0,43,23,0,153,24,33,0,0,0,166,26,18,59.09090909090909,15,0,1.0,0.0,0.0,0.0,0.0,0.0022614201718679,0.0022710068130204
Harry Kane,2023-2024,30,1993,32,32,2839,31.5,36,8,44,31,5,5,2,0,30.6,26.7,6.4,33.0,36,102,164,1.1428571428571428,0.25396825396825395,1.3968253968253967,0.9841269841269841,1.2380952380952381,0.9714285714285714,0.20317460317460317,1.1746031746031746,0.8476190476190476,1.0476190476190477,31.5,36,141,61,43.262411347517734,4.476190476190476,1.9365079365079365,0.2553191489361702,0.5901639344262295,4,5,5,0.18936170212765957,5.4,4.3,474,664,71.3855421686747,8936,2715,216,266,81.203007518797,166,222,74.77477477477478,74,114,64.91228070175438,8,6.4,5.9,1.6,31,66,41,6,102,664,620,41,10,13,14,31,8,2,1,0,0,474,3,31,83,2.634920634920635,54,2,7,13,7,0,11,0.3492063492063492,8,1,0,2,0,0,13,9,4,4,5,6,18,33.33333333333333,12,12,4,8,6,19,14,0,995,19,69,395,541,180,990,59,24,40.67796610169492,30,50.847457627118644,634,3098,1287,36,25,14,45,45,782,164,88.71875,32,27,0,2,85,39,46,1.4603174603174602,81.1,28.6,52.5,1.6666666666666667,0,10,39,13,31,6,9,0,0,0,55,30,34,46.875,201,0,0.0,0.0,0.0,0.0,0.0,0.0303030303030303,0.0304314912944738
Jude Bellingham,2023-2024,20,2003,29,28,2435,27.0,19,7,26,18,1,1,6,1,11.1,10.3,5.3,15.6,85,196,177,0.7037037037037037,0.25925925925925924,0.9629629629629629,0.6666666666666666,0.9259259259259259,0.4111111111111111,0.1962962962962963,0.6074074074074074,0.38148148148148153,0.5777777777777777,27.0,19,65,35,53.84615384615385,2.4074074074074074,1.2962962962962963,0.2923076923076923,0.5428571428571428,0,1,1,0.15846153846153846,7.9,7.7,1363,1543,88.33441348023331,19609,4025,856,930,92.04301075268818,387,428,90.42056074766354,76,90,84.44444444444444,7,5.3,4.3,0.7,48,137,45,3,196,1543,1490,43,18,18,14,22,12,1,1,0,0,1363,10,25,99,3.6666666666666665,82,0,8,4,5,0,13,0.48148148148148145,10,0,1,2,0,0,42,35,14,18,10,12,36,33.33333333333333,24,55,5,50,22,63,17,0,1897,21,202,978,746,135,1896,97,50,51.546391752577314,35,36.08247422680412,1235,6812,3434,85,73,26,53,40,1554,177,83.96551724137932,28,18,1,5,59,20,39,1.4444444444444444,46.7,23.4,23.3,0.862962962962963,0,34,75,6,22,22,35,0,0,0,118,24,25,48.97959183673469,917,0,1.0,1.0,0.0,0.0,0.0,0.1382481531735263,0.1388342165026495
Kylian Mbappe,2023-2024,24,1998,35,30,2698,30.0,35,10,45,28,7,10,4,0,21.0,14.5,5.7,20.2,114,122,285,1.1666666666666667,0.3333333333333333,1.5,0.9333333333333333,1.2666666666666666,0.7,0.19,0.89,0.48333333333333334,0.6733333333333333,30.0,35,153,73,47.712418300653596,5.1,2.433333333333333,0.22875816993464052,0.4794520547945205,2,7,10,0.09477124183006536,6.0,6.5,801,965,83.00518134715026,12061,2391,472,536,88.05970149253731,235,288,81.59722222222221,55,67,82.08955223880598,10,5.7,5.2,1.3,40,73,44,1,122,965,936,24,5,12,10,27,6,7,0,0,0,801,5,19,98,3.2666666666666666,69,0,20,3,6,0,20,0.6666666666666666,12,0,4,1,3,0,4,2,1,1,2,4,9,44.44444444444444,5,4,0,4,4,6,2,0,1264,1,31,441,801,207,1256,133,61,45.86466165413533,62,46.616541353383454,1148,6741,3207,114,69,66,56,35,1130,285,77.08571428571429,30,25,5,2,83,29,54,1.8,50.2,30.2,20.0,0.6666666666666666,0,23,43,23,27,4,2,2,0,0,47,0,2,0.0,420,0,1.0,0.0,1.0,0.0,0.0,0.0633197648123021,0.0635881907645723
Lamine Yamal,2023-2024,16,2007,38,23,2305,25.7,6,5,11,6,0,0,4,0,5.2,5.2,6.2,11.4,123,80,350,0.23346303501945526,0.19455252918287938,0.42801556420233466,0.23346303501945526,0.42801556420233466,0.20233463035019456,0.24124513618677043,0.443579766536965,0.20233463035019456,0.443579766536965,25.7,6,61,22,36.0655737704918,2.3735408560311284,0.8560311284046693,0.09836065573770492,0.2727272727272727,0,0,0,0.08524590163934427,-0.2,-0.2,903,1132,79.77031802120142,12868,3009,572,650,88.0,262,337,77.74480712166172,44,77,57.14285714285714,5,6.2,6.5,-1.2,38,39,52,16,80,1132,1091,36,4,6,6,88,14,18,6,4,1,903,5,22,108,4.202334630350195,64,5,17,9,8,5,18,0.7003891050583658,12,0,2,1,2,1,61,40,32,15,14,18,48,37.5,30,32,0,32,20,80,11,0,1475,14,118,460,923,147,1475,160,70,43.75,58,36.25,1023,6622,3889,123,78,57,54,26,1157,350,60.6578947368421,23,12,15,1,59,35,24,0.933852140077821,52.3,30.5,21.8,0.8482490272373542,0,24,53,4,88,20,40,2,0,0,102,2,11,15.384615384615385,383,0,0.0,0.0,0.0,1.0,0.0,0.0577415950550278,0.0579863739591218
Lautaro Martinez,2023-2024,25,1997,34,32,2754,30.6,24,3,27,22,2,4,5,0,17.6,15.3,3.6,18.8,54,80,172,0.7843137254901961,0.09803921568627451,0.8823529411764706,0.7189542483660131,0.8169934640522876,0.5751633986928105,0.11764705882352941,0.69281045751634,0.5,0.6143790849673203,30.6,24,107,45,42.05607476635514,3.496732026143791,1.4705882352941175,0.22429906542056074,0.5333333333333333,0,2,4,0.14299065420560747,6.4,6.7,604,782,77.23785166240408,8821,2104,328,393,83.46055979643766,194,232,83.62068965517241,41,59,69.49152542372882,3,3.6,2.0,-0.6,36,45,21,2,80,782,734,42,4,12,3,16,1,0,0,0,0,604,6,28,102,3.333333333333333,71,0,4,16,7,4,16,0.5228758169934641,7,0,1,3,2,3,22,16,4,13,5,4,19,21.052631578947366,15,30,1,29,22,42,10,0,1176,12,88,532,564,178,1173,68,19,27.941176470588236,39,57.35294117647059,735,3228,1486,54,29,28,68,45,878,172,81.0,32,18,2,2,74,16,58,1.8954248366013071,60.9,22.5,38.4,1.2549019607843137,0,47,61,12,16,22,16,2,1,0,90,38,27,58.46153846153847,402,0,1.0,0.0,0.0,1.0,0.0,0.0606060606060606,0.0608629825889477
Martin Odegaard,2023-2024,24,1998,36,36,3181,35.3,8,10,18,6,2,2,2,0,7.4,5.8,9.6,15.5,91,344,202,0.226628895184136,0.28328611898017,0.509915014164306,0.16997167138810199,0.453257790368272,0.20963172804532582,0.2719546742209632,0.481586402266289,0.1643059490084986,0.4390934844192635,35.3,8,76,21,27.631578947368425,2.152974504249292,0.594900849858357,0.10526315789473684,0.38095238095238093,4,2,2,0.07631578947368421,0.6,0.2,1692,2006,84.3469591226321,25780,7898,907,992,91.43145161290323,635,744,85.34946236559139,91,140,65.0,10,9.6,11.2,0.4,102,160,130,13,344,2006,1887,103,55,39,3,81,13,26,21,1,0,1692,16,38,220,6.23229461756374,178,17,8,10,6,1,23,0.651558073654391,18,2,0,2,1,0,49,18,18,21,10,17,58,29.310344827586203,41,23,1,22,15,64,5,0,2326,24,244,926,1173,165,2324,81,37,45.67901234567901,38,46.913580246913575,1563,8190,3514,91,83,37,53,58,1827,202,88.36111111111111,36,23,0,1,81,25,56,1.5864022662889519,68.6,24.9,43.7,1.237960339943343,0,31,39,3,81,15,18,1,0,0,158,3,9,25.0,16,0,0.0,0.0,0.0,0.0,0.0,0.0024121815166591,0.0024224072672218
Mats Hummels,2023-2024,34,1988,27,22,1761,19.6,3,0,3,3,0,0,4,1,3.2,3.2,0.9,4.1,11,82,1,0.1530612244897959,0.0,0.1530612244897959,0.1530612244897959,0.1530612244897959,0.16326530612244897,0.04591836734693877,0.20918367346938777,0.16326530612244897,0.2091836734693877,19.6,3,18,7,38.88888888888889,0.9183673469387754,0.3571428571428571,0.16666666666666666,0.42857142857142855,0,0,0,0.17777777777777778,-0.2,-0.2,1262,1418,88.99858956276445,25463,8497,381,402,94.77611940298507,722,781,92.44558258642766,150,202,74.25742574257426,0,0.9,1.4,-0.9,9,86,6,0,82,1418,1366,50,44,3,16,3,3,0,0,0,0,1262,2,10,24,1.2244897959183672,20,0,0,3,0,1,2,0.1020408163265306,1,0,0,1,0,0,52,36,34,12,6,30,53,56.60377358490566,23,33,11,22,38,85,82,0,1649,167,698,888,76,20,1649,7,2,28.57142857142857,4,57.14285714285714,1095,5594,3224,11,13,1,7,6,1183,1,65.22222222222223,22,15,5,5,40,27,13,0.6632653061224489,31.0,26.5,4.5,0.22959183673469385,0,13,10,0,3,38,36,0,2,0,99,38,24,61.29032258064516,0,0,0.0,0.0,0.0,0.0,0.0,0.0,0.0
Nico Williams,2023-2024,21,2002,37,33,2712,30.1,8,16,24,8,0,0,7,1,6.0,6.0,5.7,11.7,143,66,302,0.26578073089700993,0.5315614617940199,0.7973421926910299,0.26578073089700993,0.7973421926910299,0.19933554817275748,0.1893687707641196,0.388704318936877,0.19933554817275748,0.388704318936877,30.1,8,74,24,32.432432432432435,2.458471760797342,0.7973421926910299,0.10810810810810811,0.3333333333333333,1,0,0,0.08108108108108109,-1.0,-1.0,579,828,69.92753623188406,9035,2545,321,374,85.8288770053476,196,265,73.9622641509434,43,101,42.57425742574257,16,5.7,7.5,5.3,47,26,48,22,66,828,739,85,16,8,3,185,11,57,36,8,0,579,4,47,121,4.019933554817276,72,18,19,6,6,0,24,0.7973421926910299,15,2,4,1,2,0,31,15,9,15,7,13,36,36.11111111111111,23,18,2,16,3,34,4,1,1203,14,112,372,746,148,1203,193,86,44.559585492227974,92,47.66839378238342,800,6467,3736,143,77,62,76,51,849,302,73.29729729729729,33,10,4,0,56,26,30,0.9966777408637874,38.6,25.9,12.8,0.42524916943521596,1,20,47,17,185,3,15,3,1,0,131,8,9,47.05882352941176,73,0,0.0,0.0,1.0,1.0,0.0,0.0110055781697572,0.0110522331566994
Phil Foden,2023-2024,22,2000,42,40,3436,38.1,22,9,31,22,0,0,3,0,10.3,10.3,8.4,18.7,93,168,269,0.5774278215223096,0.23622047244094488,0.8136482939632546,0.5774278215223096,0.8136482939632546,0.27034120734908135,0.2204724409448819,0.4908136482939633,0.27034120734908135,0.49081364829396323,38.1,22,126,57,45.23809523809524,3.3070866141732282,1.4960629921259843,0.1746031746031746,0.38596491228070173,4,0,0,0.08174603174603175,8.7,8.7,1511,1767,85.51216751556309,20347,3769,990,1053,94.01709401709401,388,449,86.41425389755011,68,135,50.37037037037037,9,8.4,6.9,-0.4,73,71,57,5,168,1767,1684,79,19,15,6,109,4,50,26,14,0,1511,4,49,144,3.779527559055118,111,9,9,6,8,1,21,0.5511811023622047,16,1,1,0,3,0,31,25,11,10,10,13,31,41.935483870967744,18,30,0,30,16,44,18,1,2146,22,174,785,1211,190,2146,102,47,46.07843137254902,46,45.09803921568628,1435,6921,3434,93,79,56,62,49,1753,269,81.80952380952381,40,23,2,3,91,29,62,1.627296587926509,65.4,28.8,36.6,0.9606299212598425,0,17,74,7,109,16,25,0,1,0,127,6,17,26.08695652173913,157,0,1.0,0.0,0.0,0.0,0.0,0.0236695311322177,0.0237698713096139
Rodri,2023-2024,27,1995,74,53,4882,54.4,11,12,23,11,0,0,8,1,5.199999999999999,5.199999999999999,5.1,10.2,125,441,171,0.20220588235294118,0.22058823529411764,0.4227941176470588,0.20220588235294118,0.4227941176470588,0.09558823529411764,0.09375,0.18933823529411764,0.09558823529411764,0.1875,54.4,11,93,31,33.33333333333333,1.709558823529412,0.5698529411764706,0.11827956989247312,0.3548387096774194,0,0,0,0.05591397849462365,2.8,2.8,3814,4226,90.2508282063417,63938,17648,1934,2060,93.88349514563107,1417,1543,91.83408943616331,367,449,81.73719376391982,12,5.1,8.3,3.899999999999999,64,414,93,6,441,4226,4116,102,74,21,37,56,19,8,5,0,0,3814,8,43,190,3.4926470588235294,154,3,11,7,9,6,23,0.4227941176470588,17,0,3,1,1,1,87,62,31,40,16,37,81,45.67901234567901,44,43,8,35,38,121,43,4,4699,117,762,2662,1312,123,4699,121,66,54.54545454545454,38,31.40495867768595,3009,14828,8015,125,118,26,51,50,3806,171,65.97297297297297,53,35,21,11,121,45,76,1.397058823529412,85.7,47.5,38.2,0.7022058823529412,0,55,73,10,56,38,62,1,0,0,293,54,31,63.52941176470588,1170,1,1.0,0.0,0.0,1.0,0.0,0.1763907734056987,0.1771385314155942
Ruben Dias,2023-2024,25,1997,35,32,2964,32.9,0,1,1,0,0,0,1,0,1.4,1.4,0.3,1.7,34,173,16,0.0,0.030395136778115502,0.030395136778115502,0.0,0.030395136778115502,0.0425531914893617,0.00911854103343465,0.05167173252279635,0.0425531914893617,0.05167173252279635,32.9,0,24,9,37.5,0.729483282674772,0.27355623100303955,0.0,0.0,0,0,0,0.05833333333333333,-1.4,-1.4,2469,2635,93.70018975332069,42764,13568,1039,1076,96.56133828996283,1256,1306,96.17151607963247,146,204,71.56862745098039,1,0.3,1.9,-0.3,7,220,12,3,173,2635,2567,65,46,2,7,13,11,0,0,0,0,2469,3,8,35,1.0638297872340425,28,0,0,5,0,2,4,0.12158054711246201,2,0,0,1,0,1,39,24,14,21,4,19,26,73.07692307692307,7,32,17,15,34,69,77,0,2877,231,1002,1600,282,34,2877,1,0,0.0,1,100.0,1996,10862,6693,34,70,1,10,7,2301,16,84.68571428571428,32,32,3,8,78,28,50,1.5197568389057752,62.2,25.4,36.8,1.1185410334346504,0,30,15,1,13,34,24,0,1,1,108,47,42,52.80898876404494,8,0,1.0,0.0,0.0,0.0,0.0,0.0012060907583295,0.0012112036336109
Toni Kroos,2023-2024,33,1990,34,24,2179,24.200000000000003,1,8,9,1,0,0,3,0,1.6,1.6,4.9,6.5,32,290,29,0.04132231404958677,0.33057851239669417,0.371900826446281,0.04132231404958677,0.371900826446281,0.06611570247933884,0.2024793388429752,0.26859504132231404,0.06611570247933884,0.26859504132231404,24.200000000000003,1,35,13,37.142857142857146,1.446280991735537,0.5371900826446281,0.02857142857142857,0.07692307692307693,10,0,0,0.045714285714285714,-0.6,-0.6,2291,2505,91.45708582834331,42164,15443,1087,1121,96.96699375557539,828,881,93.98410896708286,333,438,76.02739726027397,8,4.9,5.9,3.1,62,327,23,5,290,2505,2260,239,137,6,53,122,13,89,32,34,0,2291,6,13,100,4.132231404958677,61,34,0,4,1,0,11,0.4545454545454545,6,5,0,0,0,0,53,35,19,25,9,24,59,40.67796610169492,35,22,4,18,17,70,11,1,2656,58,546,1641,492,13,2656,8,5,62.5,3,37.5,1758,8020,4189,32,51,1,8,6,2128,29,64.08823529411765,24,10,10,5,54,21,33,1.3636363636363635,42.1,23.9,18.3,0.7561983471074379,0,17,38,3,122,17,35,0,0,0,144,8,4,66.66666666666666,291,0,1.0,1.0,0.0,0.0,0.0,0.0438715513342379,0.0440575321725965
Vinicius Junior,2023-2024,23,2000,27,23,1984,22.0,15,5,20,14,1,1,8,0,13.1,12.3,4.2,16.6,137,57,277,0.6818181818181818,0.22727272727272727,0.9090909090909091,0.6363636363636364,0.8636363636363636,0.5954545454545455,0.19090909090909092,0.7863636363636364,0.5590909090909091,0.7545454545454546,22.0,15,82,40,48.78048780487805,3.727272727272727,1.8181818181818181,0.18292682926829268,0.375,0,1,1,0.15000000000000002,1.9,1.7,499,690,72.31884057971014,7273,1443,312,370,84.32432432432432,115,171,67.2514619883041,43,76,56.57894736842105,5,4.2,4.4,0.8,30,37,20,2,57,690,663,22,4,10,22,64,7,5,0,0,0,499,5,34,79,3.590909090909091,43,1,19,8,6,2,10,0.45454545454545453,5,0,1,3,0,1,18,13,5,5,8,3,12,25.0,9,13,0,13,1,19,3,2,1058,2,51,290,733,193,1057,176,65,36.93181818181818,95,53.97727272727273,797,6384,3440,137,74,88,71,40,888,277,73.48148148148148,23,8,4,3,50,16,34,1.5454545454545454,39.3,19.3,20.0,0.9090909090909091,0,26,55,10,64,1,13,0,0,0,44,1,7,12.5,1129,0,1.0,1.0,0.0,0.0,0.0,0.1702095582692597,0.1709311127933384
Vitinha,2023-2024,23,2000,62,42,3939,43.8,12,6,18,12,0,0,4,0,9.3,9.3,6.1,15.6,66,209,227,0.27397260273972607,0.13698630136986303,0.4109589041095891,0.27397260273972607,0.4109589041095891,0.21232876712328771,0.13926940639269406,0.35159817351598177,0.21232876712328771,0.35616438356164387,43.8,12,110,36,32.72727272727273,2.5114155251141552,0.8219178082191781,0.10909090909090909,0.3333333333333333,1,0,0,0.08454545454545455,2.6999999999999997,2.6999999999999997,1852,2127,87.07099200752234,29813,7429,937,1022,91.6829745596869,704,779,90.37227214377407,134,178,75.28089887640449,6,6.1,6.6000000000000005,-0.1,57,170,43,6,209,2127,2003,116,43,8,12,77,16,21,9,3,0,1852,8,41,124,2.8310502283105023,94,8,8,3,9,2,20,0.4566210045662101,15,1,1,2,1,0,55,41,16,21,18,20,62,32.25806451612903,42,42,13,29,37,83,40,2,2572,77,382,1261,959,143,2572,96,51,53.125,42,43.75,2035,10402,4214,66,85,24,80,43,1942,227,63.53225806451613,42,26,20,6,91,40,51,1.1643835616438356,72.7,42.8,29.799999999999997,0.680365296803653,0,56,53,10,77,37,41,0,0,0,202,23,55,29.48717948717949,5,0,1.0,0.0,1.0,0.0,0.0,0.0007538067239559,0.0007570022710068
William Saliba,2023-2024,22,2001,39,39,3510,39.0,2,1,3,2,0,0,5,0,1.6,1.6,0.2,1.8,16,157,6,0.05128205128205128,0.02564102564102564,0.07692307692307693,0.05128205128205128,0.07692307692307693,0.041025641025641026,0.005128205128205128,0.046153846153846156,0.041025641025641026,0.046153846153846156,39.0,2,10,3,30.0,0.2564102564102564,0.07692307692307693,0.2,0.6666666666666666,0,0,0,0.16,0.4,0.4,2635,2851,92.423710978604,43599,15948,1202,1274,94.34850863422291,1298,1373,94.5375091041515,104,150,69.33333333333334,1,0.2,0.9,0.8,6,175,6,1,157,2851,2794,55,33,3,2,3,7,0,0,0,0,2635,2,11,29,0.7435897435897436,26,0,1,2,0,0,3,0.07692307692307693,3,0,0,0,0,0,41,27,28,12,1,20,27,74.07407407407408,7,32,17,15,29,70,81,3,3093,223,1239,1720,142,15,3093,15,10,66.66666666666666,4,26.666666666666668,1992,9002,5201,16,22,1,22,13,2297,6,90.0,39,39,0,0,91,31,60,1.5384615384615385,76.1,27.9,48.2,1.235897435897436,0,24,17,0,3,29,27,0,1,0,213,72,49,59.50413223140496,8,0,0.0,0.0,0.0,0.0,0.0,0.0012060907583295,0.0012112036336109
Alex Grimaldo,2023-2024,27,1995,39,36,3235,35.9,10,14,24,10,0,0,2,0,5.7,5.7,9.1,14.8,77,162,261,0.2785515320334262,0.38997214484679665,0.6685236768802229,0.2785515320334262,0.6685236768802229,0.15877437325905294,0.25348189415041783,0.4122562674094708,0.15877437325905294,0.4122562674094708,35.9,10,84,26,30.952380952380953,2.33983286908078,0.7242339832869081,0.11904761904761904,0.38461538461538464,18,0,0,0.06785714285714287,4.3,4.3,1762,2148,82.02979515828677,24881,6698,1116,1208,92.3841059602649,500,606,82.50825082508251,88,200,44.0,14,9.1,11.1,3.9,78,79,71,22,162,2148,1801,338,35,5,11,233,192,111,60,17,1,1762,9,49,131,3.649025069637883,88,29,5,5,3,1,21,0.584958217270195,13,3,1,2,2,0,45,27,26,10,9,30,55,54.54545454545454,25,32,7,25,29,67,41,0,2465,60,429,940,1112,106,2465,48,20,41.66666666666667,23,47.91666666666667,1346,6006,3113,77,56,15,50,18,1681,261,82.94871794871794,36,29,3,0,98,26,72,2.0055710306406684,65.3,26.1,39.2,1.0919220055710308,0,15,27,3,233,29,27,1,0,0,168,12,19,38.70967741935484,2,0,1.0,0.0,1.0,1.0,0.0,0.0003015226895823,0.0003028009084027
Achraf Hakimi,2024-2025,25,1998,30,28,2472,27.5,5,7,12,5,0,0,4,0,2.9,2.9,6.2,9.1,93,183,273,0.18181818181818182,0.2545454545454545,0.43636363636363634,0.18181818181818182,0.43636363636363634,0.10545454545454545,0.22545454545454546,0.3309090909090909,0.10545454545454545,0.3309090909090909,27.5,5,41,16,39.02439024390244,1.490909090909091,0.5818181818181818,0.12195121951219512,0.3125,5,0,0,0.07073170731707316,1.1,1.1,1898,2140,88.69158878504673,26053,7482,1187,1266,93.75987361769353,573,644,88.9751552795031,63,96,65.625,7,6.2,5.3,-0.2,50,138,37,9,183,2140,1949,188,34,2,8,92,150,4,0,1,0,1898,3,32,104,3.7818181818181817,91,3,4,1,3,2,11,0.4,10,0,1,0,0,0,48,39,18,20,10,27,55,49.09090909090909,28,25,2,23,32,79,18,3,2371,40,430,980,974,81,2371,52,26,50.0,21,40.38461538461539,1384,6012,3501,93,57,21,38,15,1817,273,82.4,28,23,2,2,79,23,56,2.036363636363636,64.6,20.1,44.6,1.6218181818181818,0,27,28,13,92,32,39,0,0,0,136,9,12,42.857142857142854,484,0,1.0,1.0,1.0,0.0,0.0,0.0722388059701492,0.0741421568627451
Alexis Mac Allister,2024-2025,25,1998,35,30,2599,28.9,5,5,10,5,0,0,6,0,2.8,2.8,4.7,7.5,36,177,80,0.17301038062283738,0.17301038062283738,0.34602076124567477,0.17301038062283738,0.34602076124567477,0.09688581314878893,0.16262975778546715,0.2595155709342561,0.09688581314878893,0.2595155709342561,28.9,5,38,13,34.21052631578947,1.3148788927335642,0.44982698961937717,0.13157894736842105,0.38461538461538464,1,0,0,0.07368421052631578,2.2,2.2,1273,1524,83.53018372703413,20344,5748,658,729,90.26063100137173,493,558,88.35125448028674,89,160,55.625,5,4.7,5.6,0.3,45,122,35,2,177,1524,1403,116,35,6,3,86,9,71,26,36,0,1273,5,31,120,4.152249134948097,83,24,2,6,2,3,15,0.5190311418685122,10,3,0,2,0,0,95,58,28,51,16,55,104,52.88461538461539,49,61,6,55,22,117,29,1,1860,56,284,960,637,60,1860,42,16,38.095238095238095,21,50.0,915,3782,2018,36,43,5,31,22,1228,80,74.25714285714285,30,17,5,1,69,24,45,1.5570934256055364,64.2,24.3,39.9,1.3806228373702423,0,62,40,2,86,22,58,0,0,0,148,19,34,35.84905660377358,21,0,1.0,0.0,0.0,0.0,0.0,0.0031343283582089,0.0032169117647058
Cole Palmer,2024-2025,21,2002,43,37,3430,38.2,16,9,25,12,4,5,7,0,17.5,13.5,11.0,24.5,126,230,204,0.41884816753926696,0.23560209424083767,0.6544502617801047,0.31413612565445026,0.5497382198952879,0.45811518324607325,0.28795811518324604,0.7460732984293194,0.3534031413612565,0.6413612565445026,38.2,16,127,47,37.00787401574803,3.3246073298429315,1.2303664921465967,0.12598425196850394,0.3404255319148936,12,4,5,0.1062992125984252,-1.4999999999999998,-1.4999999999999998,1199,1559,76.90827453495831,22554,5907,499,579,86.18307426597582,496,591,83.92554991539764,176,296,59.45945945945946,9,11.0,9.5,-2.0,89,169,71,17,230,1559,1343,207,47,23,14,155,23,76,49,6,0,1199,9,48,205,5.366492146596858,136,22,16,21,8,2,16,0.41884816753926696,12,0,2,1,1,0,36,21,13,10,13,13,29,44.827586206896555,16,17,1,16,12,47,21,1,1953,25,156,857,965,150,1948,123,52,42.27642276422765,54,43.90243902439025,1234,8333,4006,126,79,43,73,38,1442,204,79.76744186046511,37,27,6,3,69,44,25,0.6544502617801047,66.8,46.1,20.7,0.5418848167539266,0,17,64,8,155,12,21,1,0,0,111,2,7,22.22222222222222,211,0,0.0,0.0,0.0,0.0,0.0,0.0314925373134328,0.0323223039215686
Declan Rice,2024-2025,25,1999,43,40,3563,39.6,4,8,12,4,0,0,7,1,3.9,3.9,6.699999999999999,10.6,95,231,108,0.10101010101010101,0.20202020202020202,0.30303030303030304,0.10101010101010101,0.30303030303030304,0.09848484848484848,0.16919191919191917,0.2676767676767677,0.09848484848484848,0.2676767676767677,39.6,4,57,17,29.82456140350877,1.4393939393939394,0.4292929292929293,0.07017543859649122,0.23529411764705882,2,0,0,0.06842105263157895,0.0999999999999999,0.0999999999999999,1860,2180,85.3211009174312,31476,8156,906,979,92.54341164453524,756,828,91.30434782608695,155,284,54.5774647887324,8,6.699999999999999,6.1,1.3,63,185,40,8,231,2180,1952,220,82,6,22,171,5,108,94,3,0,1860,8,21,126,3.1818181818181817,75,33,4,7,5,2,12,0.30303030303030304,8,2,1,1,0,0,72,40,33,31,8,22,49,44.89795918367347,27,32,14,18,33,105,61,0,2552,104,450,1268,855,92,2552,37,20,54.054054054054056,16,43.24324324324324,1391,8281,4106,95,67,16,43,38,1718,108,82.86046511627907,40,30,3,1,64,34,30,0.7575757575757576,54.8,34.0,20.8,0.5252525252525253,1,26,19,2,171,33,40,0,0,0,193,45,31,59.210526315789465,13,0,0.0,0.0,0.0,0.0,0.0,0.0019402985074626,0.0019914215686274
Denzel Dumfries,2024-2025,27,1996,36,25,2499,27.8,7,2,9,7,0,0,7,0,5.7,5.7,3.9,9.5,62,70,215,0.2517985611510791,0.07194244604316546,0.3237410071942446,0.2517985611510791,0.3237410071942446,0.20503597122302158,0.14028776978417265,0.3453237410071942,0.20503597122302158,0.34172661870503596,27.8,7,40,19,47.5,1.4388489208633093,0.6834532374100719,0.175,0.3684210526315789,0,0,0,0.14250000000000002,1.3,1.3,823,1102,74.68239564428312,13361,3913,426,494,86.23481781376519,331,452,73.23008849557522,55,100,55.00000000000001,2,3.9,3.3,-1.9,26,36,25,12,70,1102,897,201,5,2,5,79,196,0,0,0,0,823,4,35,64,2.302158273381295,44,7,3,4,4,2,4,0.14388489208633093,2,0,0,1,1,0,32,24,16,9,7,18,34,52.94117647058824,16,36,10,26,10,41,32,1,1350,45,241,557,567,109,1350,52,15,28.846153846153843,32,61.53846153846154,715,3305,1542,62,29,18,30,18,869,215,69.41666666666667,25,20,11,5,55,27,28,1.0071942446043165,47.2,26.6,20.6,0.7410071942446044,0,66,24,7,79,10,24,2,1,0,80,64,23,73.5632183908046,20,0,0.0,0.0,0.0,0.0,0.0,0.0029850746268656,0.003063725490196
Desire Doue,2024-2025,19,2005,37,24,2201,24.4,10,11,21,10,0,0,1,0,5.1,5.1,7.8,13.0,97,139,232,0.4098360655737705,0.45081967213114754,0.8606557377049181,0.4098360655737705,0.8606557377049181,0.20901639344262296,0.319672131147541,0.5286885245901639,0.20901639344262296,0.5327868852459017,24.4,10,80,27,33.75,3.278688524590164,1.1065573770491803,0.125,0.37037037037037035,0,0,0,0.06375,0.9,0.9,933,1133,82.3477493380406,13916,3351,518,570,90.87719298245615,330,399,82.70676691729322,48,88,54.54545454545454,11,7.8,5.7,-1.8,55,83,51,16,139,1133,1066,66,11,8,7,102,24,23,8,5,1,933,1,21,109,4.467213114754099,84,1,14,4,5,1,24,0.9836065573770493,15,0,4,1,3,1,48,38,15,19,14,24,51,47.05882352941176,27,26,0,26,14,61,7,0,1461,4,137,646,701,123,1461,129,57,44.18604651162791,61,47.286821705426355,899,5730,3076,97,50,47,54,37,1164,232,59.486486486486484,24,7,13,1,69,26,43,1.7622950819672132,49.2,17.5,31.6,1.2950819672131149,0,33,50,3,102,14,38,2,0,0,93,8,10,44.44444444444444,74,0,1.0,1.0,1.0,0.0,0.0,0.0110447761194029,0.0113357843137254
Erling Haaland,2024-2025,24,2000,34,33,2918,32.4,23,4,27,20,3,5,2,0,22.0,18.8,3.0,21.8,24,20,124,0.7098765432098766,0.1234567901234568,0.8333333333333334,0.617283950617284,0.7407407407407408,0.6790123456790124,0.0925925925925926,0.7716049382716049,0.5802469135802469,0.6728395061728396,32.4,23,114,60,52.63157894736842,3.5185185185185186,1.8518518518518519,0.20175438596491227,0.38333333333333336,1,3,5,0.1649122807017544,0.0,0.2,255,381,66.92913385826772,3086,593,175,246,71.13821138211382,59,84,70.23809523809523,4,6,66.66666666666666,4,3.0,2.0,0.0,29,10,8,1,20,381,372,7,0,1,0,3,1,0,0,0,0,255,2,10,71,2.191358024691358,51,0,8,10,2,0,9,0.2777777777777778,6,0,2,1,0,0,11,6,3,3,5,3,8,37.5,5,12,1,11,5,16,23,0,639,22,40,222,384,190,635,36,13,36.11111111111111,20,55.55555555555556,310,1494,577,24,15,23,45,27,478,124,85.82352941176471,33,26,1,2,61,40,21,0.6481481481481481,56.2,40.5,15.7,0.4845679012345679,0,25,13,4,3,5,6,0,0,0,34,57,50,53.271028037383175,18,0,0.0,0.0,0.0,0.0,0.0,0.0026865671641791,0.0027573529411764
Fabian Ruiz Pena,2024-2025,27,1996,42,32,2848,31.7,6,7,13,6,0,0,2,0,6.0,6.0,5.7,11.6,65,252,108,0.18927444794952683,0.22082018927444796,0.41009463722397477,0.18927444794952683,0.41009463722397477,0.18927444794952683,0.1798107255520505,0.36908517350157727,0.18927444794952683,0.3659305993690852,31.7,6,66,20,30.303030303030305,2.082018927444795,0.6309148264984227,0.09090909090909091,0.3,0,0,0,0.09090909090909091,0.0,0.0,1850,2069,89.41517641372644,30133,7773,940,1016,92.51968503937007,728,785,92.73885350318471,131,170,77.05882352941177,7,5.7,5.8,1.3,46,201,42,3,252,2069,2004,61,45,9,18,39,11,3,0,0,0,1850,4,34,108,3.406940063091483,95,0,4,6,1,2,19,0.5993690851735016,15,0,2,1,0,1,46,41,18,15,13,27,57,47.368421052631575,30,28,3,25,24,66,32,2,2298,57,316,1331,667,74,2298,37,26,70.27027027027027,11,29.72972972972973,1364,6935,3620,65,55,10,27,24,1829,108,67.80952380952381,32,19,10,3,82,30,52,1.640378548895899,65.39999999999999,26.7,38.7,1.2208201892744481,0,11,16,6,39,24,41,0,0,0,181,6,9,40.0,20,0,1.0,1.0,1.0,0.0,0.0,0.0029850746268656,0.003063725490196
Florian Wirtz,2024-2025,20,2003,40,30,2885,32.0,12,13,25,10,2,4,6,0,10.0,6.699999999999999,7.8,14.5,148,196,343,0.375,0.40625,0.78125,0.3125,0.71875,0.3125,0.24375,0.55625,0.20937499999999998,0.453125,32.0,12,90,39,43.333333333333336,2.8125,1.21875,0.13333333333333333,0.3076923076923077,1,2,4,0.07444444444444444,2.0,3.3,1538,1939,79.31923671995874,20722,5637,981,1113,88.14016172506739,415,551,75.31760435571688,72,138,52.17391304347826,13,7.8,10.2,4.2,64,104,68,8,196,1939,1797,131,25,28,9,116,54,44,17,4,0,1538,11,42,160,5.0,117,8,24,6,4,1,26,0.8125,18,0,4,3,1,0,35,24,10,14,11,10,25,40.0,15,35,3,32,15,46,7,1,2317,11,147,909,1290,149,2313,179,91,50.83798882681564,82,45.81005586592179,1359,8049,4124,148,85,57,63,51,1814,343,72.125,30,19,10,0,67,37,30,0.9375,49.8,30.0,19.8,0.61875,0,29,43,14,116,15,24,1,0,0,130,10,40,20.0,5,0,0.0,0.0,0.0,0.0,0.0,0.0007462686567164,0.000765931372549
Harry Kane,2024-2025,30,1993,40,36,3055,34.0,30,10,40,20,10,10,7,0,23.1,15.4,5.6,20.9,32,115,161,0.8823529411764706,0.29411764705882354,1.1764705882352942,0.5882352941176471,0.8823529411764706,0.6794117647058824,0.16470588235294117,0.8441176470588236,0.45294117647058824,0.6147058823529411,34.0,30,125,53,42.4,3.676470588235294,1.5588235294117647,0.24,0.5660377358490566,6,10,10,0.1232,5.9,3.6,580,749,77.4365821094793,10624,2676,264,321,82.2429906542056,231,270,85.55555555555556,71,100,71.0,10,5.6,5.8,3.4000000000000004,40,62,43,3,115,749,717,25,2,17,19,17,11,1,0,0,0,580,7,27,100,2.9411764705882355,66,1,9,18,6,0,22,0.6470588235294118,12,0,2,4,4,0,17,14,5,10,2,3,9,33.33333333333333,6,18,4,14,3,20,16,0,1069,23,87,400,587,187,1059,57,24,42.10526315789473,32,56.14035087719298,610,2761,1144,32,27,23,52,31,837,161,76.375,36,17,4,0,94,23,71,2.088235294117647,70.2,23.200000000000003,47.0,1.3823529411764706,0,17,33,16,17,3,14,3,0,0,72,41,34,54.666666666666664,112,0,1.0,0.0,0.0,0.0,0.0,0.0167164179104477,0.017156862745098
Joao Neves,2024-2025,19,2004,36,28,2356,26.2,4,8,12,4,0,0,2,0,3.1,3.1,4.0,7.1,36,152,83,0.15267175572519084,0.3053435114503817,0.4580152671755725,0.15267175572519084,0.4580152671755725,0.1183206106870229,0.15267175572519084,0.27099236641221375,0.1183206106870229,0.27099236641221375,26.2,4,33,13,39.39393939393939,1.2595419847328244,0.4961832061068702,0.12121212121212122,0.3076923076923077,0,0,0,0.09393939393939395,-0.1,-0.1,1559,1708,91.27634660421545,24855,5613,829,879,94.3117178612059,590,632,93.35443037974683,104,133,78.19548872180451,8,4.0,4.0,4.0,33,136,22,2,152,1708,1610,95,36,11,17,18,48,0,0,0,0,1559,3,15,71,2.7099236641221376,59,1,3,2,3,3,14,0.5343511450381679,14,0,0,0,0,0,63,40,20,26,17,27,45,60.0,18,30,9,21,30,91,22,1,1935,47,330,1103,519,56,1935,32,17,53.125,12,37.5,1072,5148,2402,36,45,3,26,17,1458,83,65.44444444444444,28,14,8,7,78,30,48,1.83206106870229,53.6,22.5,31.1,1.1870229007633588,0,26,36,4,18,30,40,0,0,0,131,21,13,61.76470588235294,40,0,1.0,1.0,1.0,0.0,0.0,0.0059701492537313,0.0061274509803921
Jude Bellingham,2024-2025,20,2003,42,39,3518,39.0,12,10,22,11,1,2,8,2,12.0,10.5,4.3,14.8,100,235,179,0.3076923076923077,0.2564102564102564,0.5641025641025641,0.28205128205128205,0.5384615384615384,0.3076923076923077,0.11025641025641025,0.41794871794871796,0.2692307692307692,0.3794871794871795,39.0,12,77,30,38.961038961038966,1.9743589743589745,0.7692307692307693,0.15584415584415584,0.4,0,1,2,0.13636363636363635,-1.0,-0.5,1644,1911,86.02825745682888,26193,5651,894,979,91.317671092952,582,665,87.51879699248121,132,166,79.51807228915662,10,4.3,5.6,4.699999999999999,48,158,36,0,235,1911,1846,54,24,25,22,29,14,1,0,0,0,1644,11,35,124,3.1794871794871793,102,1,5,9,3,4,17,0.4358974358974359,15,0,0,1,1,0,76,49,23,32,21,30,51,58.82352941176471,21,44,3,41,34,108,30,2,2324,41,287,1144,923,144,2322,112,58,51.78571428571429,43,38.392857142857146,1529,7942,3736,100,82,23,66,54,1908,179,83.76190476190476,39,26,3,1,79,46,33,0.8461538461538461,60.3,39.8,20.5,0.5256410256410257,0,44,94,11,29,34,49,1,0,0,124,37,44,45.67901234567901,21,0,0.0,0.0,0.0,0.0,0.0,0.0031343283582089,0.0032169117647058
Khvicha Kvaratskhelia,2024-2025,22,2001,39,33,2722,30.299999999999997,10,6,16,9,1,1,1,0,8.399999999999999,7.699999999999999,9.2,16.8,140,110,239,0.3300330033003301,0.19801980198019803,0.5280528052805281,0.29702970297029707,0.4950495049504951,0.2772277227722772,0.30363036303630364,0.5808580858085809,0.25412541254125415,0.5544554455445545,30.299999999999997,10,101,37,36.633663366336634,3.3333333333333335,1.2211221122112212,0.09900990099009901,0.2702702702702703,5,1,1,0.07623762376237624,1.6,1.2999999999999998,888,1094,81.17001828153565,13473,3470,525,573,91.62303664921467,274,324,84.5679012345679,62,123,50.40650406504065,6,9.2,7.3,-3.1999999999999997,61,66,48,9,110,1094,977,111,23,12,8,109,18,65,34,17,0,888,6,29,130,4.29042904290429,90,14,12,5,6,3,14,0.4620462046204621,10,0,3,1,0,0,38,31,8,26,4,20,44,45.45454545454545,24,22,2,20,6,44,13,0,1457,8,105,567,814,156,1456,155,55,35.483870967741936,82,52.903225806451616,927,6982,3829,140,105,70,49,52,1115,239,69.7948717948718,33,12,6,4,56,24,32,1.0561056105610562,48.2,28.3,20.0,0.6600660066006602,0,29,63,0,109,6,31,0,0,0,85,7,16,30.434782608695656,123,0,1.0,1.0,1.0,0.0,0.0,0.0183582089552238,0.0188419117647058
Kylian Mbappe,2024-2025,25,1998,43,40,3607,40.099999999999994,34,4,38,26,8,10,4,1,28.799999999999997,20.700000000000003,8.4,29.1,178,167,441,0.8478802992518705,0.09975062344139653,0.947630922693267,0.6483790523690774,0.748129675810474,0.7182044887780549,0.2094763092269327,0.9276807980049876,0.5162094763092271,0.7256857855361597,40.099999999999994,34,186,87,46.774193548387096,4.638403990024939,2.169576059850374,0.1827956989247312,0.39080459770114945,4,8,10,0.11129032258064518,3.1999999999999997,3.3000000000000003,1107,1327,83.42125094197438,16078,2913,671,756,88.75661375661376,295,344,85.75581395348837,76,93,81.72043010752688,4,8.4,7.6,-4.4,54,88,62,4,167,1327,1248,73,4,6,24,42,13,8,1,1,0,1107,6,37,160,3.990024937655861,99,3,31,18,9,0,16,0.3990024937655861,9,1,2,3,1,0,9,5,2,3,4,1,7,14.285714285714285,6,7,1,6,1,10,1,1,1810,2,46,498,1283,359,1800,221,100,45.248868778280546,106,47.963800904977376,1259,8259,4448,178,109,116,90,55,1563,441,83.88372093023256,40,25,3,1,80,40,40,0.9975062344139652,76.3,39.7,36.599999999999994,0.912718204488778,0,27,49,46,42,1,5,3,0,0,46,6,6,50.0,378,0,0.0,0.0,0.0,0.0,0.0,0.0564179104477611,0.0579044117647058
Lamine Yamal,2024-2025,16,2007,47,42,3821,42.4,12,22,34,12,0,0,4,0,11.6,11.6,16.7,28.4,212,183,476,0.2830188679245283,0.5188679245283019,0.8018867924528302,0.2830188679245283,0.8018867924528302,0.27358490566037735,0.3938679245283019,0.6674528301886792,0.27358490566037735,0.6698113207547169,42.4,12,181,62,34.25414364640884,4.268867924528302,1.4622641509433962,0.06629834254143646,0.1935483870967742,3,0,0,0.06408839779005525,-1.6,-1.6,1319,1758,75.02844141069397,18460,5184,827,955,86.59685863874346,372,507,73.37278106508876,63,141,44.680851063829785,22,16.7,13.6,0.2999999999999999,83,83,107,19,183,1758,1685,64,7,35,4,141,25,32,12,0,0,1319,9,66,219,5.165094339622642,137,4,41,21,12,4,33,0.7783018867924528,24,0,5,2,2,0,53,36,13,21,19,21,47,44.680851063829785,26,18,0,18,23,72,5,0,2379,11,122,740,1562,259,2379,349,173,49.570200573065904,146,41.833810888252145,1681,11493,5991,212,110,109,113,56,1936,476,81.29787234042553,42,24,5,0,123,37,86,2.0283018867924527,90.9,35.6,55.3,1.304245283018868,0,44,76,23,141,23,36,2,0,0,137,2,5,28.57142857142857,1059,0,1.0,0.0,1.0,0.0,0.0,0.1580597014925373,0.1622242647058823
Lautaro Martinez,2024-2025,26,1997,33,32,2682,29.8,12,3,15,12,0,0,1,0,13.5,13.5,4.3,17.8,34,68,197,0.40268456375838924,0.10067114093959731,0.5033557046979865,0.40268456375838924,0.5033557046979865,0.45302013422818793,0.1442953020134228,0.5973154362416108,0.45302013422818793,0.5973154362416108,29.8,12,106,35,33.0188679245283,3.557046979865772,1.174496644295302,0.11320754716981132,0.34285714285714286,0,0,0,0.12735849056603774,-1.5,-1.5,472,634,74.44794952681389,7494,1609,264,324,81.48148148148148,152,198,76.76767676767676,41,56,73.21428571428571,3,4.3,4.3,-1.3,36,41,22,1,68,634,596,30,3,9,10,13,2,0,0,0,0,472,8,21,77,2.5838926174496644,58,0,2,12,4,1,8,0.2684563758389262,5,0,1,2,0,0,30,16,10,12,8,13,25,52.0,12,21,3,18,10,40,15,0,981,15,84,413,494,162,981,47,17,36.17021276595745,25,53.191489361702125,625,2739,1101,34,27,12,70,54,754,197,81.27272727272727,32,16,1,2,58,30,28,0.9395973154362416,48.7,25.8,23.0,0.7718120805369127,0,43,45,24,13,10,16,0,0,0,73,35,38,47.94520547945205,37,0,0.0,0.0,0.0,0.0,0.0,0.0055223880597014,0.0056678921568627
Michael Olise,2024-2025,22,2001,36,29,2438,27.1,12,16,28,12,0,0,3,0,9.7,9.7,12.0,21.7,119,184,381,0.44280442804428044,0.5904059040590406,1.033210332103321,0.44280442804428044,1.033210332103321,0.35793357933579334,0.44280442804428044,0.8007380073800737,0.35793357933579334,0.8007380073800737,27.1,12,88,36,40.909090909090914,3.2472324723247232,1.3284132841328413,0.13636363636363635,0.3333333333333333,7,0,0,0.11022727272727272,2.3,2.3,1290,1585,81.38801261829653,19018,5660,809,881,91.82746878547105,397,474,83.75527426160338,67,143,46.85314685314685,16,12.0,12.5,3.0,90,89,111,13,184,1585,1451,128,14,25,7,136,41,72,45,3,0,1290,6,44,169,6.236162361623616,121,17,15,7,9,0,25,0.9225092250922509,13,3,2,3,4,0,36,24,10,21,5,17,38,44.73684210526316,21,23,1,22,8,44,16,2,1957,18,107,665,1208,148,1957,151,72,47.682119205298015,60,39.735099337748345,1305,7418,3808,119,69,46,59,29,1556,381,67.72222222222223,29,11,7,1,72,24,48,1.7712177121771218,61.1,20.4,40.7,1.5018450184501846,0,23,69,5,136,8,24,2,0,0,105,11,12,47.82608695652174,4,0,1.0,0.0,0.0,0.0,0.0,0.0005970149253731,0.0006127450980392
Mohamed Salah,2024-2025,32,1992,38,38,3371,37.5,29,18,47,20,9,9,1,0,25.2,18.2,14.2,32.4,155,144,488,0.7733333333333333,0.48,1.2533333333333334,0.5333333333333333,1.0133333333333334,0.6719999999999999,0.37866666666666665,1.0506666666666666,0.48533333333333334,0.864,37.5,29,121,50,41.32231404958678,3.2266666666666666,1.3333333333333333,0.2396694214876033,0.58,1,9,9,0.15041322314049585,3.8,1.8,892,1263,70.62549485352335,13343,3919,501,601,83.36106489184692,302,433,69.7459584295612,59,100,59.0,18,14.2,9.1,3.8,88,53,93,15,144,1263,1227,30,7,19,3,79,23,0,0,0,0,892,6,62,169,4.506666666666667,123,2,22,14,5,3,27,0.72,20,0,5,2,0,0,21,11,7,5,9,8,17,47.05882352941176,9,12,0,12,9,30,5,0,1695,11,97,500,1119,356,1686,137,58,42.33576642335766,72,52.55474452554745,1150,6909,3700,155,59,127,116,67,1407,488,88.71052631578948,38,29,0,0,85,40,45,1.2,81.6,38.1,43.5,1.16,0,25,39,18,79,9,11,0,0,0,101,9,14,39.130434782608695,657,0,1.0,0.0,0.0,0.0,0.0,0.0980597014925373,0.1006433823529411
Nuno Mendes,2024-2025,21,2002,33,26,2455,27.3,1,4,5,1,0,0,3,0,2.4000000000000004,2.4000000000000004,5.0,7.4,69,158,133,0.03663003663003663,0.14652014652014653,0.18315018315018314,0.03663003663003663,0.18315018315018314,0.08791208791208792,0.18315018315018314,0.27106227106227104,0.08791208791208792,0.27106227106227104,27.3,1,27,11,40.74074074074074,0.9890109890109889,0.40293040293040294,0.037037037037037035,0.09090909090909091,1,0,0,0.0888888888888889,-1.4,-1.4,1615,1853,87.1559633027523,27856,7853,747,813,91.88191881918819,724,806,89.82630272952854,125,179,69.83240223463687,4,5.0,4.199999999999999,-2.0,33,155,36,14,158,1853,1652,198,41,3,29,89,148,9,5,3,0,1615,3,25,80,2.93040293040293,59,6,5,4,4,2,7,0.2564102564102564,6,1,0,0,0,0,42,27,22,15,5,29,50,57.99999999999999,21,31,10,21,30,65,48,2,2130,67,464,1133,554,51,2130,74,38,51.35135135135135,35,47.2972972972973,1268,6164,4010,69,51,15,33,30,1531,133,74.39393939393939,26,19,7,5,64,22,42,1.5384615384615383,56.599999999999994,17.2,39.3,1.4395604395604393,0,21,35,2,89,30,27,1,1,0,122,25,16,60.97560975609756,171,0,1.0,1.0,1.0,0.0,0.0,0.0255223880597014,0.0261948529411764
Ousmane Dembele,2024-2025,26,1997,38,27,2420,26.9,24,7,31,23,1,1,2,0,17.1,16.3,9.4,25.7,159,151,298,0.892193308550186,0.26022304832713755,1.1524163568773236,0.8550185873605949,1.1152416356877324,0.6356877323420075,0.34944237918215615,0.9851301115241636,0.6059479553903346,0.9553903345724908,26.9,24,125,59,47.199999999999996,4.646840148698885,2.193308550185874,0.192,0.4067796610169492,0,1,1,0.13040000000000002,3.9,3.7,963,1244,77.41157556270096,15519,4150,519,613,84.66557911908646,329,406,81.03448275862068,88,137,64.23357664233576,7,9.4,8.1,-3.4000000000000004,77,99,63,5,151,1244,1140,96,13,15,11,141,5,64,17,24,0,963,8,45,137,5.092936802973978,90,22,12,7,5,1,17,0.6319702602230484,12,0,1,2,2,0,19,10,0,12,7,7,15,46.666666666666664,8,10,0,10,10,29,4,2,1551,4,60,553,952,186,1550,127,57,44.881889763779526,62,48.818897637795274,1037,7509,4326,159,105,78,49,32,1288,298,63.68421052631579,27,8,11,3,69,22,47,1.7472118959107807,59.1,20.6,38.400000000000006,1.4275092936802978,0,18,22,13,141,10,10,2,0,0,51,7,8,46.666666666666664,1380,1,1.0,1.0,1.0,0.0,0.0,0.2059701492537313,0.2113970588235294
Pedri,2024-2025,21,2002,47,45,3515,39.1,6,7,13,6,0,0,3,0,3.3000000000000003,3.3000000000000003,8.200000000000001,11.5,98,370,152,0.1534526854219949,0.17902813299232737,0.33248081841432225,0.1534526854219949,0.33248081841432225,0.0843989769820972,0.20971867007672637,0.29411764705882354,0.0843989769820972,0.29411764705882354,39.1,6,37,17,45.94594594594595,0.9462915601023018,0.43478260869565216,0.16216216216216217,0.35294117647058826,0,0,0,0.0891891891891892,0.7,0.7,2484,2838,87.52642706131078,41893,10411,1210,1289,93.87121799844842,974,1091,89.27589367552704,238,329,72.3404255319149,7,8.200000000000001,9.5,-2.1999999999999997,80,340,81,4,370,2838,2694,140,74,28,16,69,15,41,22,1,0,2484,4,45,181,4.6291560102301785,163,8,3,2,4,1,18,0.46035805626598464,16,1,1,0,0,0,67,49,15,42,10,26,74,35.13513513513514,48,45,3,42,34,94,21,1,3180,37,285,1871,1056,63,3180,66,41,62.121212121212125,24,36.36363636363637,2086,11609,5636,98,108,11,55,41,2487,152,74.7872340425532,45,16,2,1,101,36,65,1.6624040920716112,76.0,36.0,40.0,1.0230179028132993,0,14,60,3,69,34,49,0,0,0,264,7,6,53.84615384615385,124,0,1.0,0.0,1.0,0.0,0.0,0.0185074626865671,0.0189950980392156
Raphinha,2024-2025,27,1996,41,37,3259,36.2,19,13,32,17,2,2,6,0,19.2,17.6,12.7,30.3,94,135,349,0.5248618784530387,0.3591160220994475,0.8839779005524862,0.46961325966850825,0.8287292817679557,0.5303867403314917,0.3508287292817679,0.8812154696132596,0.4861878453038674,0.8370165745856353,36.2,19,131,48,36.6412213740458,3.61878453038674,1.3259668508287292,0.1450381679389313,0.3958333333333333,18,2,2,0.13435114503816795,-1.2,-1.6,1064,1497,71.07548430193721,17773,4933,557,661,84.26626323751891,358,474,75.52742616033755,113,249,45.38152610441767,13,12.7,10.1,-3.7,91,87,67,18,135,1497,1260,225,49,11,15,241,19,140,48,41,0,1064,12,36,163,4.502762430939226,101,31,8,12,10,1,22,0.6077348066298343,11,2,4,2,2,1,36,22,6,19,11,19,39,48.717948717948715,20,29,2,27,13,47,26,0,1863,31,114,661,1113,183,1861,103,52,50.48543689320388,44,42.71844660194174,1016,5592,2865,94,66,46,53,29,1316,349,79.48780487804878,37,25,4,1,101,36,65,1.7955801104972375,75.3,36.1,39.2,1.0828729281767955,0,16,43,11,241,13,22,2,0,0,94,9,6,60.0,620,0,1.0,0.0,1.0,0.0,0.0,0.0925373134328358,0.0949754901960784
Robert Lewandowski,2024-2025,35,1988,39,34,2889,32.0,31,2,33,27,4,5,3,0,28.1,24.2,2.4,26.5,27,50,169,0.96875,0.0625,1.03125,0.84375,0.90625,0.878125,0.075,0.953125,0.75625,0.828125,32.0,31,121,49,40.49586776859504,3.78125,1.53125,0.256198347107438,0.6326530612244898,5,4,5,0.19999999999999998,-0.1,-0.2,402,545,73.76146788990826,5132,946,256,309,82.84789644012946,95,125,76.0,15,31,48.38709677419355,2,2.4,1.6,-0.4,20,31,10,0,50,545,526,15,1,3,7,6,0,0,0,0,0,402,4,22,54,1.6875,36,0,4,8,5,1,4,0.125,3,0,0,1,0,0,12,7,1,5,6,5,11,45.45454545454545,6,16,2,14,3,15,29,0,885,36,68,336,488,182,880,41,23,56.09756097560976,15,36.58536585365854,498,1894,628,27,11,16,78,45,697,169,74.07692307692308,34,16,5,5,79,32,47,1.46875,65.1,35.0,30.1,0.940625,0,37,43,19,6,3,7,0,0,0,51,38,43,46.913580246913575,49,0,1.0,0.0,1.0,0.0,0.0,0.0073134328358208,0.0075061274509803
Scott McTominay,2024-2025,27,1996,41,36,3260,36.2,14,4,18,14,0,0,5,0,7.8,7.8,2.8000000000000003,10.6,58,117,137,0.38674033149171266,0.11049723756906077,0.49723756906077343,0.38674033149171266,0.49723756906077343,0.21546961325966849,0.07734806629834254,0.292817679558011,0.21546961325966849,0.292817679558011,36.2,14,85,35,41.17647058823529,2.348066298342541,0.9668508287292817,0.16470588235294117,0.4,2,0,0,0.09176470588235294,5.2,5.2,829,996,83.23293172690764,13558,3272,412,471,87.47346072186836,318,366,86.88524590163934,69,96,71.875,4,2.8000000000000003,2.1,1.2,28,76,23,1,117,996,969,25,11,10,8,20,6,5,4,1,0,829,2,22,77,2.1270718232044197,45,3,3,17,7,2,10,0.2762430939226519,6,0,1,2,1,0,47,27,14,28,5,19,39,48.717948717948715,20,24,6,18,27,74,59,0,1429,62,261,770,423,114,1429,96,41,42.70833333333333,38,39.58333333333333,791,4475,2142,58,45,15,76,53,1015,137,79.51219512195122,36,32,5,0,52,30,22,0.6077348066298343,45.8,26.700000000000003,19.1,0.5276243093922652,0,50,66,5,20,27,27,1,0,0,150,73,55,57.03125,45,0,1.0,0.0,0.0,0.0,0.0,0.0067164179104477,0.0068933823529411
Serhou Guirassy,2024-2025,28,1996,31,30,2718,30.2,21,4,25,18,3,4,4,0,22.7,19.6,3.9,23.5,25,43,128,0.695364238410596,0.13245033112582782,0.8278145695364238,0.5960264900662252,0.728476821192053,0.7516556291390728,0.1291390728476821,0.8807947019867549,0.6490066225165564,0.7781456953642384,30.2,21,90,34,37.77777777777778,2.980132450331126,1.1258278145695364,0.23333333333333334,0.6176470588235294,1,3,4,0.2177777777777778,-1.7,-1.6,456,627,72.72727272727273,5726,933,305,375,81.33333333333333,105,147,71.42857142857143,16,23,69.56521739130434,4,3.9,3.1,0.1,25,28,14,0,43,627,578,48,0,9,3,1,0,0,0,0,0,456,1,12,53,1.7549668874172186,36,0,1,10,6,0,10,0.33112582781456956,5,0,0,3,2,0,7,6,2,2,3,2,5,40.0,3,10,3,7,4,11,38,0,965,40,76,485,410,160,961,39,11,28.205128205128204,21,53.84615384615385,528,2195,904,25,22,12,76,30,747,128,87.6774193548387,30,25,1,0,58,50,8,0.26490066225165565,52.8,37.1,15.7,0.5198675496688742,0,18,57,12,1,4,6,2,0,0,45,109,97,52.9126213592233,25,0,0.0,0.0,0.0,0.0,0.0,0.003731343283582,0.003829656862745
Viktor Gyokeres,2024-2025,26,1998,33,31,2804,31.2,39,7,46,27,12,12,4,0,30.8,21.4,7.1,28.5,133,68,335,1.25,0.22435897435897437,1.4743589743589745,0.8653846153846154,1.0897435897435899,0.9871794871794872,0.22756410256410256,1.2147435897435896,0.6858974358974359,0.9134615384615384,31.2,39,127,66,51.96850393700787,4.07051282051282,2.1153846153846154,0.30708661417322836,0.5909090909090909,7,12,12,0.168503937007874,8.2,5.6,506,709,71.36812411847673,6113,1128,332,429,77.3892773892774,120,165,72.72727272727273,14,21,66.66666666666666,7,7.1,6.9,-0.1,61,18,31,3,68,709,645,63,0,4,1,25,6,0,0,0,0,506,1,33,154,4.935897435897436,93,1,25,17,17,1,31,0.9935897435897436,14,0,9,2,6,0,9,5,0,3,6,4,8,50.0,4,13,3,10,6,15,20,0,1141,19,33,336,789,284,1129,132,60,45.45454545454545,65,49.24242424242424,748,5364,2859,133,41,97,94,55,904,335,84.96969696969697,31,29,2,0,80,26,54,1.7307692307692308,66.1,21.9,44.1,1.4134615384615385,0,24,77,9,25,6,5,4,0,0,75,36,35,50.70422535211267,56,0,1.0,0.0,1.0,0.0,0.0,0.0083582089552238,0.008578431372549
Vinicius Junior,2024-2025,24,2000,36,28,2721,30.2,12,10,22,10,2,3,9,1,10.4,8.2,8.0,16.2,169,85,256,0.3973509933774835,0.33112582781456956,0.728476821192053,0.33112582781456956,0.6622516556291391,0.34437086092715236,0.26490066225165565,0.609271523178808,0.271523178807947,0.5364238410596026,30.2,12,104,39,37.5,3.4437086092715234,1.2913907284768211,0.11538461538461539,0.3076923076923077,0,2,3,0.07884615384615384,0.6,0.8,673,901,74.69478357380687,10433,2523,383,462,82.90043290043289,196,250,78.4,62,96,64.58333333333334,10,8.0,7.0,0.0,58,53,36,6,85,901,862,29,9,15,16,68,10,8,0,0,0,673,10,45,135,4.470198675496689,80,1,29,11,11,3,18,0.5960264900662252,11,0,5,0,2,0,21,10,7,4,10,5,18,27.77777777777778,13,9,0,9,4,24,1,2,1264,4,75,378,839,199,1261,191,82,42.93193717277487,95,49.73821989528796,952,7763,4525,169,87,106,72,49,1059,256,75.58333333333333,28,13,8,0,55,33,22,0.728476821192053,43.8,27.0,16.8,0.5562913907284769,0,33,82,16,68,4,10,2,0,0,71,1,7,12.5,51,0,0.0,0.0,0.0,0.0,0.0,0.0076119402985074,0.0078125
Virgil van Dijk,2024-2025,32,1991,43,43,3870,43.0,3,1,4,3,0,0,7,0,2.7,2.7,0.7999999999999999,3.6,22,218,6,0.06976744186046512,0.023255813953488372,0.09302325581395349,0.06976744186046512,0.09302325581395349,0.06279069767441861,0.018604651162790697,0.08139534883720931,0.06279069767441861,0.08372093023255814,43.0,3,32,9,28.125,0.7441860465116279,0.20930232558139536,0.09375,0.3333333333333333,1,0,0,0.084375,0.3,0.3,3043,3328,91.43629807692307,55493,21760,1253,1304,96.08895705521472,1495,1572,95.10178117048346,266,393,67.68447837150127,1,0.7999999999999999,1.1,0.1999999999999999,15,309,9,0,218,3328,3071,253,97,1,22,1,8,0,0,0,0,3043,4,9,55,1.2790697674418605,47,0,1,4,1,2,4,0.09302325581395349,4,0,0,0,0,0,42,22,21,19,2,14,23,60.86956521739131,9,32,20,12,58,100,226,5,3752,529,1559,2026,178,54,3752,5,3,60.0,2,40.0,2126,9757,5306,22,26,3,11,5,2590,6,90.0,43,43,0,1,94,45,49,1.1395348837209303,87.9,42.8,45.1,1.0488372093023257,0,29,16,0,1,58,22,0,0,0,129,138,49,73.79679144385027,7,0,1.0,0.0,0.0,0.0,0.0,0.0010447761194029,0.0010723039215686
Vitinha,2024-2025,23,2000,65,45,4224,47.0,7,4,11,5,2,2,4,0,5.6,4.0,6.0,10.2,98,271,137,0.14893617021276595,0.0851063829787234,0.23404255319148937,0.10638297872340426,0.19148936170212766,0.11914893617021276,0.1276595744680851,0.24680851063829787,0.0851063829787234,0.21702127659574466,47.0,7,77,25,32.467532467532465,1.6382978723404256,0.5319148936170213,0.09090909090909091,0.28,3,2,2,0.05194805194805195,1.4,1.0,2721,3048,89.27165354330708,47478,11079,1266,1347,93.98663697104676,1114,1200,92.83333333333333,283,364,77.74725274725274,4,6.0,6.1,-2.0,46,301,50,11,271,3048,2921,122,69,18,25,87,20,19,5,7,0,2721,5,47,126,2.6808510638297873,100,6,8,5,7,0,7,0.14893617021276595,5,1,1,0,0,0,69,40,25,35,9,37,81,45.67901234567901,44,43,10,33,31,97,44,2,3502,94,490,2085,962,93,3500,112,52,46.42857142857143,53,47.32142857142857,2326,12169,5860,98,98,26,88,54,2788,137,64.98461538461538,45,24,20,4,94,50,44,0.9361702127659575,79.10000000000001,42.7,36.3,0.7723404255319148,0,40,50,8,87,31,40,0,0,0,223,32,33,49.23076923076923,703,0,1.0,1.0,1.0,0.0,0.0,0.1049253731343283,0.1076899509803921
